knowledge,freq,mean_confidence,confidence_score,job_id,source,best_future_domain,trend_label,trend_score,similarity,future_weight,job_text,review_id,human_valid,human_notes,reviewer_id
administrative processes,1,0.729,0.729,in-9bf4d6d9ee1e4a14,BERT+LLM,Database & Systems Administration,Moderate_Growth,0.5,0.39864388,0.1993219405412674,"Responsible for administrative processes and activity reporting associated with projects. Sourcing Process: Applies, embeds, and improves processes related to sourcing to maximize the efficiency, effectiveness, and compliance of the function.",know_7c5078264033,,,
Customer Lifetime Value (CLTV),1,0.75,0.75,in-18f1331162449a3f,LLM,Routine Maintenance Coding,Decline,-0.3,0.15371412,0.0,"Purview, Alation, Collibra) Background in SaaS or scale -up environments with KPIs like Monthly Recurring Revenue (MRR), Churn Rate, Customer Acquisition Cost (CAC), and Customer Lifetime Value (CLTV) What we offer A competitive salary - let's discuss it Hybrid working Group Personal Pension - up to 12% employer contribution Generous annual bonus scheme between 6% and 24% 25 days annual leave plus bank holidays, and a holiday buy and sell scheme An array of health and wellbeing benefits, includi",know_b3f723b6887c,,,
"-based sharding,",1,0.457,0.457,in-b7d373f800daeb37,BERT (standalone),Database & Systems Administration,Moderate_Growth,0.5,0.19230951,0.0,"Work with range -based and hash -based sharding, indexing strategies, and performance workflows.",know_41c2e1f5d438,,,
Top Secret Security Clearance,1,0.781,0.781,in-7d34855edd4c608f,BERT+LLM,Cybersecurity,Strong_Growth,0.9,0.27396643,0.0,"REQUIRED SKILLS AND QUALIFICATIONS Active Top Secret Security Clearance with CI Poly and SCI eligible. Bachelor's degree in Computer Science, Computer Engineering, or Electrical Engineering with minimum of seven (7 ) years of experience. Experience with software development lifecycle and use of associated tools. Proficient in Docker and Kubernetes. Experience with the CI/CD pipeline. Exceptional analytical skills and problem -solving skills. High level of self -initiative and self -motivation wi",know_914293ae65d8,,,
SFDX CLI,1,0.75,0.75,in-3a39cfdef1dc8c0a,LLM,UX/UI & Digital Design,Moderate_Growth,0.55,0.26260155,0.0,"JS, or JavaScript. Experience with Salesforce DX, SFDX CLI, CI/CD tooling (GitHub/Bitbucket, Splunk/Sumologic) and test automation frameworks. Knowledge and understanding building APEX code/classes, triggers, integrations, Visualforce/ Lightning UI components. Experience in design and implementation of real -time and batch integration with Salesforce and other systems using REST/Bulk APIs. Experience with Agile development environments, secure coding practices and security implementations. Sales",know_2357726dfdab,,,
training resources,1,0.75,0.75,in-46e62d53acf7182f,LLM,Leadership & People Development,Moderate_Growth,0.55,0.33360654,0.1834835976362228,"Coaching & Knowledge Sharing Mentor designers by sharing your process, frameworks, and lessons learned. Create training resources and documentation that enhance team effectiveness and design maturity. Foster an inclusive, transparent design culture across disciplines and locations.",know_651a191f8f91,,,
Life Sciences,2,0.7985,0.7985,in-192e3d1483bd7d61,BERT+LLM,Database & Systems Administration,Moderate_Growth,0.5,0.27578554,0.0,The solution is now used by some of the world’s leading Life Sciences companies. Position Summary Reporting to our Software Development Manager the Software Developer will help Kneat grow its market leading technology by contributing to the continuous growth and improvement of our software. The successful candidate will use their proven technical skills to drive enhancements to our product suite.,know_d98513b084ec,,,
Service Oriented Architectures,1,0.849,0.849,in-5954110f7af52605,BERT+LLM,Cloud Computing & Infrastructure,Strong_Growth,0.85,0.34872776,0.2964185982942581,"What you’ll bring Bachelor’s degree in Computer Science, Engineering, Technology or a related discipline. Experience with data platforms like Microsoft Fabric 5 + years of experience in Programming, with a minimum of 2 years in a large IT environment. Expert knowledge across current software toolsets such as C #/.Net, C #/.Net Core, NodeJS Experience building software using patterns like Event Sourcing, Domain Driven Design, Service Oriented Architectures, and Hexagonal/Onion/Clean architecture ",know_c7eae342f9ed,,,
site safety,1,0.75,0.75,in-07327cecfc3dbffe,LLM,Cybersecurity,Strong_Growth,0.9,0.25274807,0.0,"Australian Citizen). Flexibility to complete a wide range of site programs, with dedication to site safety. Ability to provide high -quality data management using industry -standard tools. Additional Information Why you’ll love working with us: Flexible work arrangements, including alternative start/finish times, part -time, job -sharing and hybrid work options Purchase up to 6 weeks additional annual leave per year Swap public holidays – swap Easter or other holidays for ones that suit you bett",know_314e7e31158f,,,
gaming,1,0.75,0.75,in-6d7865a492e1980f,LLM,Game Development & Interactive Media,Moderate_Growth,0.6,0.45838833,0.2750329971313476,Joining Entity at this stage is a rare opportunity to help shape the future of gaming. About the role We’re looking for an experienced Head of Developer Partnerships to lead and scale how we engage with game developers worldwide.,know_967ef2eb3463,,,
Electrical Design,1,0.75,0.75,in-76b4dd8a1e3b013e,LLM,UX/UI & Digital Design,Moderate_Growth,0.55,0.25941378,0.0,Plan Group Inc. is currently looking for an Electrical Design Manager to join our Integrated Pursuits team in pursuing major constructions projects across Canada.,know_43a92a2578e1,,,
economics of abuse,1,0.75,0.75,in-85b9ed9ea75c4ec5,LLM,Resilience & Adaptability,Strong_Growth,0.75,0.08026941,0.0,DESCRIPTION --------------- The SPIV In Person Investigations [IPI] team is responsible for removing the incentive for Bad Actors while accurately and fairly paying millions of third -party sellers along with disrupting the bad actor flywheel and change the economics of abuse within our store.,know_1863b7c42350,,,
protocol sniffers,1,0.832,0.832,in-80aa4c8b345e347c,BERT+LLM,Cybersecurity,Strong_Growth,0.9,0.20956835,0.0,"Test, Debug & Document Debug firmware using lab equipment and tools such as oscilloscopes, logic analyzers, multimeters, in -circuit emulators and protocol sniffers. Create and maintain detailed technical and customer -facing documentation. Participate in detailed code reviews to ensure adherence to Aarcomm’s coding and quality standards.",know_947c1b790219,,,
multimeters,1,0.843,0.843,in-80aa4c8b345e347c,BERT+LLM,UX/UI & Digital Design,Moderate_Growth,0.55,0.093137115,0.0,"Test, Debug & Document Debug firmware using lab equipment and tools such as oscilloscopes, logic analyzers, multimeters, in -circuit emulators and protocol sniffers. Create and maintain detailed technical and customer -facing documentation. Participate in detailed code reviews to ensure adherence to Aarcomm’s coding and quality standards.",know_6fce763ce17c,,,
secure configuration standards,1,0.75,0.75,in-763e27dabb8eab92,LLM,Cybersecurity,Strong_Growth,0.9,0.32909238,0.2961831450462341,"Security Governance & Compliance Conduct periodic security reviews to ensure adherence to IT Security Policies, Standards, Controls and industry best practices. Recommend and implement security initiatives and enhancement based on findings from tabletop exercises (TTX) and audits. Monitor and ensure compliance with secure configuration standards across network, systems and endpoint (i.e.",know_100ef3dfc210,,,
Europe,1,0.75,0.75,in-8e6aaa9658e6b200,LLM,Cloud Computing & Infrastructure,Strong_Growth,0.85,0.1834298,0.0,"Our products are distributed worldwide from our production sites in Europe, North America, and Australia.",know_912d59cdf1d3,,,
demand frameworks,1,0.75,0.75,in-d73cf1090a6ad4ff,LLM,Business Analysis & Requirements Engineering,Moderate_Growth,0.5,0.32239982,0.1611999124288559,Our Director of APAC Marketing will work hand and hand with sales leadership in the APAC region to understand the revenue goals of the organization and to deliver the demand frameworks that will enable Neo4j to achieve those goals.,know_436f33c4e086,,,
Analytics Platform,1,0.75,0.75,in-9068e588b7dc4f2d,LLM,Big Data & Analytics,Strong_Growth,0.9,0.46462077,0.4181586921215057,"Principal Architect, AI Infrastructure Solovis is a leading portfolio management and analytics platform helping institutional investors navigate today’s complex global markets with clarity and confidence.",know_6549257dada9,,,
Market positioning,1,0.75,0.75,in-73a0ee87802e3d4a,LLM,Digital Platforms & E-commerce,Moderate_Growth,0.7,0.27575287,0.0,"Beyond data collection and analysis, the Market Analyst will collaborate with global research teams and cross -functional stakeholders to influence strategic priorities, optimize market positioning, and guide product and service development.",know_b105242e556c,,,
Accessibility for Ontarians with Disabilities Act,1,0.75,0.75,in-2c47f10e705b6ad8,LLM,Advanced Communication & Collaboration,Moderate_Growth,0.4,0.14812462,0.0,"Work Hours: 36 .25 Union / Non -Union: Non -Union Job Posting End Date: December 10, 2025 The LCBO is an equal opportunity employer and committed to providing employment accommodation in accordance with the Ontario Human Rights Code and the Accessibility for Ontarians with Disabilities Act.",know_ef32d8ab613b,,,
logging tools,1,0.384,0.384,in-6fa8aa41b2610450,BERT (standalone),Database & Systems Administration,Moderate_Growth,0.5,0.3167353,0.1583676487207412,"Preferred Qualifications Machine Learning Frameworks: Exposure to popular machine learning frameworks (TensorFlow, PyTorch) and their integration into MLOps processes Inference Acceleration: Familiarity with leveraging inference accelerator tools (ONNX, TensorRT, Triton) for real -time and high -throughput inference runtimes Monitoring Tools: Familiarity / experience with monitoring and logging tools (e.g., Prometheus, Grafana, or ELK Stack) for tracking model and system performance Learn More /",know_ddbb9125f62b,,,
micro-frontends,1,0.75,0.75,in-cd90ab257a61bacf,LLM,Legacy Web Development,Decline,-0.4,0.38009396,-0.1520375847816467,"Bonus Experience (Added Advantage): · Experience with low -code platforms (OutSystems, Mendix, Appian). · Familiarity with micro -frontends and modular frontend architectures. · Experience working with edge computing (Cloudflare Workers, Lambda@Edge).",know_21ba2e6df1ef,,,
real-time dashboards,1,0.75,0.75,in-bc3b380ce792d5ca,LLM,Big Data & Analytics,Strong_Growth,0.9,0.23863916,0.0,"Experience with real -time dashboards, analytics tools, voice or AI -related products, or prior work in fast -paced startup environments would be highly valuable but not required. To Apply Please send your CV/resume, portfolio (Figma, Behance, Dribbble or PDF) and a brief cover letter to careers@amplifirm.com with the subject line “UI/UX Designer – [Your Name]”.",know_a7f0da159647,,,
Managed Services,1,0.75,0.75,in-1a4f81bef63d1648,LLM,Database & Systems Administration,Moderate_Growth,0.5,0.3078734,0.1539366990327835,Join Xero’s CaSH team to lead our shift toward Postgres and DynamoDB and accelerate our migration to managed services.,know_1eb01c0da669,,,
strategy,2,0.75,0.75,in-dd1ae4627c1642cf,LLM,Leadership & People Development,Moderate_Growth,0.55,0.2204619,0.0,"It delivers end -to -end services and solutions leveraging strengths from strategy and design to engineering, all fuelled by its market leading capabilities in AI, cloud and data, combined with its deep industry expertise and partner ecosystem.",know_c0089e657959,,,
software modelling,1,0.75,0.75,in-098f576f20af7cc8,LLM,Business Analysis & Requirements Engineering,Moderate_Growth,0.5,0.38441753,0.1922087669372558,Undertake appropriate engineering calculations and software modelling to assess the rated load of the structures and Over Size Over Mass (OSOM) applications on the CRN network.,know_c44a84c46412,,,
productivity,1,0.75,0.75,in-8b20bbf16019e5c1,LLM,Advanced Communication & Collaboration,Moderate_Growth,0.4,0.2639196,0.0,"Business FunctionGroup Operations enables and empowers the bank with an efficient, nimble and resilient infrastructure through a strategic focus on productivity, quality & control, technology, people capability and innovation.",know_737ad5005108,,,
OSHA,1,0.75,0.75,in-99e491f32ff77da0,LLM,Database & Systems Administration,Moderate_Growth,0.5,0.17409687,0.0,"Equal Opportunity Employer, Male/Female/Disabilities/Veterans OSHA/ADA: To perform this job successfully, the successful candidate must be able to perform each essential duty satisfactorily.",know_7b9591731274,,,
application engineering,1,0.75,0.75,in-1817e77fde92559f,LLM,Business Analysis & Requirements Engineering,Moderate_Growth,0.5,0.50566643,0.252833217382431,"The role requires deep technical expertise across infrastructure, application and reliability engineering disciplines with a focus on ensuring database environments remain stable, efficient and well -automated.",know_d5323cb9b82e,,,
technical knowledge,1,0.75,0.75,in-80759602520c230d,LLM,Advanced Communication & Collaboration,Moderate_Growth,0.4,0.40053323,0.16021329164505,"Review and authorize work done by direct reports. Team Leadership and Development: + Oversee programs for technical competency and quality and monitor technical competency of teams. + Ensure team member adherence to company processes, generally accepted engineering and design practices, regulatory requirements, and customer specifications. + Support global standardization and use of drawing and document templates. + Assure the understanding of technical knowledge, legal requirements, and custome",know_0280b156c999,,,
IT modernization,1,0.75,0.75,in-7461bc5cf0db64c7,LLM,Legacy Web Development,Decline,-0.4,0.329793,-0.1319172024726867,"We offer acquisition management, systems engineering, Agile software development, cloud management, IT modernization, data analytics, cybersecurity, and training, including leading -edge DevSecOps, automated testing, and mobile application development.",know_833229634879,,,
Employment Eligibility,1,0.75,0.75,in-ad184e8d688d6d1b,LLM,Routine Data Entry & Clerical,Decline,-0.6,0.24338491,0.0,"If reasonable accommodation is needed to participate in the job application or interview process, please contact the person indicated below. Employment Eligibility It is the policy of the State of North Carolina and DNCR that all employees provide proof of employment eligibility (immigration and naturalization) on the first day of employment.",know_c669ce200c81,,,
financial risk frameworks,1,0.75,0.75,in-461835a3a8ec7f39,LLM,Blockchain & Distributed Systems,Moderate_Growth,0.5,0.25053364,0.0,"About You Strong business analysis and problem -solving skills with a pragmatic, hands -on approach. Proven experience designing, implementing, or enhancing financial risk frameworks, ideally within asset management. Excellent written and verbal communication, presentation, and stakeholder management skills. Proficient in PowerPoint and experienced in preparing high -quality reports and presentations. Highly organized, analytical, and proactive, with the ability to work effectively under pressur",know_d68695c7318d,,,
Ring Road,1,0.389,0.389,in-d7f955d1258c78ff,BERT (standalone),Project Management & Agile Methodologies,Moderate_Growth,0.55,0.099397965,0.0,"This role will see you working as part of our highly experienced team where you will apply your prior engineering and analytical technical skills to produce engineering solutions for a range of AECOM’s Transport and Civil Infrastructure projects, including Cairns Ring Road and other large -scale State Government projects. Be part of a close -knit Far North Queensland office while connected to a national network of engineers and designers. Opportunity to apply prior Civil Engineering project expe",know_e011db5cb07b,,,
GO -ITS Digital Health standards,1,0.75,0.75,in-3520c34105f9902e,LLM,Technological Literacy & Digital Fluency,Strong_Growth,0.85,0.21491057,0.0,The details of this arrangement will be at the Hiring Manager’s discretion. Experience Requirements Public Sector Experience 5 + years of knowledge and experience working with federal/provincial/broader public sector healthcare related projects Knowledge of industry standard such as Project Management Institute (PMI) and Public Sector I &IT project management methodologies. Knowledge and understanding of Ministry policy and IT project approval processes and requirements Experience adopting and a,know_96cee3ac62de,,,
business problems,1,0.75,0.75,in-ce50f5b7ca7b3e6c,LLM,Business Analysis & Requirements Engineering,Moderate_Growth,0.5,0.31735358,0.1586767882108688,"In addition to the above, you will: Identify and understand business problems and opportunities. Map out journey from current to future state. Gather, analyse and document requirements through workshops. Model solution requirements. Facilitate communication and collaboration. Propose and evaluate solutions. Support the implementation and testing of solutions. Identify and manage risks, quality and schedule related to your projects.",know_68c9af349896,,,
Environmental Test and Trials Engineering,1,0.75,0.75,in-3fe0a26b5496432d,LLM,Quality Assurance & Testing,Moderate_Growth,0.55,0.3652672,0.2008969530463218,Look no further! Why Join Us Placement opportunity available within our world class Environmental Test and Trials Engineering Team based in Belfast Gain exciting and relevant experience with an industry leader undergoing significant growth Learn and support from some of the best Engineers in the sector An industry leading salary and excellent employee benefits Opportunity for continued part time employment and support throughout your final year Who We Are Thales Integrated Airspace -protection S,know_d68f39528b28,,,
retail supply chain technology,1,0.75,0.75,in-e4c4b6095f6e6201,LLM,Digital Platforms & E-commerce,Moderate_Growth,0.7,0.25535664,0.0,"We are creating the next generation of retail supply chain technology with be a focus across our warehouse management, transport/logistics, inventory optimisation, and demand and forecasting systems.",know_f372fe1b46f0,,,
on premise,1,0.75,0.75,in-9ea3874df4d182b6,LLM,Human-AI Collaboration,Strong_Growth,0.95,0.16164084,0.0,"For this team, MasterCard is seeking a Lead Engineer who is passionate about implementation of Data Engineering and its use in AI/ML across platform (on premise, on cloud, hybrid).",know_503760d0f0b8,,,
digital authentication,1,0.75,0.75,in-5dc0137fea6a865d,LLM,Blockchain & Distributed Systems,Moderate_Growth,0.5,0.21334668,0.0,"Backed by our indigenous capabilities and deep domain expertise, we offer robust cyber -secure products and services in cryptography, cybersecurity engineering, digital authentication, SCADA protection, audit and compliance.",know_b83de770828d,,,
crypto-related services,1,0.75,0.75,in-22c288e15e0f4fc2,LLM,Blockchain & Distributed Systems,Moderate_Growth,0.5,0.42786923,0.2139346152544021,"As a Product Director of Tokenisation, you will be responsible for driving product growth and execution of our crypto -related products and services.",know_d4f048960b5a,,,
Data Engineering,3,0.7826666666666666,0.7826666666666666,in-98d38d97f5392aef,LLM,,,,,,"Data Engineer II, 1 President’s Choice Circle, Brampton, ON Job Overview: Loblaw Companies Limited is seeking a skilled and experienced Senior Data Engineer to join our dynamic team.",know_8c3b0099eed5,,,
MARCENT,1,0.75,0.75,in-74b665ceeac92b03,LLM,Project Management & Agile Methodologies,Moderate_Growth,0.55,0.076090015,0.0,The Information Operations (IO) Support Analyst supports the Communications Directorate in planning and executing information operations for MARCENT within the USCENTCOM AOR.,know_ac3629ead539,,,
logical and physical data modeling,1,0.835,0.835,in-ed5862bc30f68a14,BERT+LLM,Routine Data Entry & Clerical,Decline,-0.6,0.21084405,0.0,"The contractor is expected to be in the office at least '1' day per month, subject to additional days in office at Manager discretion. Job Type: Contract Pay: $69 .00 - $80 .00 per hour Expected hours: 40 per week Application Question(s): Experience with logical and physical data modeling, including use of tools like ErWin, or similar? Strong proficiency with SQL Server, T -SQL, SSIS, stored procedures, ELT processes, scripts, and complex queries? Auditing databases to maintain quality and creat",know_bb778ac68df4,,,
application implementation,1,0.75,0.75,in-19e9ead015fac709,LLM,Blockchain & Distributed Systems,Moderate_Growth,0.5,0.29912335,0.0,"Perform application and code reviews, providing constructive feedback on quality, design and implementation that help ensure that applications meet high standards of performance and reliability. Troubleshoot, investigate, and diagnose incidents using advanced tracing, alerting, and log analysis. Testing and debugging front -end applications to ensure cross -browser compatibility, responsiveness, and performance optimization. Research and identifies emerging technologies, coordinate demonstration",know_f1dd50d54a91,,,
Business,1,0.512,0.512,in-26d1f387426ee67f,BERT (standalone),,,,,,"May require coordination across multiple time zones when working with global vendors or distributed engineering teams. UAT across all environments(DEV, UAT, Production) with detailed testing responsibilities Process rollout activities including phased implementations and pilot programs Training session delivery for new processes and methods Change management specific to new process adoption Environment management understanding and promotion processes Post -implementation support and adoption mon",know_d6e6cb19e3b9,,,
Coleraine Cheese,1,0.75,0.75,in-9ca4310cb8e13248,LLM,Legacy Web Development,Decline,-0.4,0.109648354,0.0,You will gain a clear understanding of safety requirements in an automation role and be exposed to all aspects of an automation engineer’s role.,know_4daa425369fb,,,
web,4,0.71975,0.71975,in-965f58ca3e59d3f2,LLM,Legacy Web Development,Decline,-0.4,0.44278002,-0.1771120071411133,"Our diverse team shares an innate curiosity for the world, a willingness to see things differently, and a passion for getting things done.",know_2567a5ec9705,,,
online health and fitness programs,1,0.75,0.75,in-0438883e2ed9dbf6,LLM,Resilience & Adaptability,Strong_Growth,0.75,0.24740042,0.0,"Access confidential services as a courtesy of Ausenco including online health and fitness programs, financial coaching, and confidential counselling services. Accessible leadership team – Work with highly reputable market leaders who value your contribution.",know_fdd0c5aab18a,,,
architectural aluminum systems,1,0.75,0.75,in-12365ed7bd9554c7,LLM,UX/UI & Digital Design,Moderate_Growth,0.55,0.24634025,0.0,"Job Title: VDC Manager – Aluminum & Glass Systems Position Overview: The VDC Manager is responsible for overseeing the creation, coordination, and implementation of digital models and workflows that support the design, fabrication, and installation of architectural aluminum and glass systems.",know_f08e4aa0ce10,,,
Appian,1,0.843,0.843,in-cd90ab257a61bacf,BERT+LLM,Database & Systems Administration,Moderate_Growth,0.5,0.1012908,0.0,"Bonus Experience (Added Advantage): · Experience with low -code platforms (OutSystems, Mendix, Appian). · Familiarity with micro -frontends and modular frontend architectures. · Experience working with edge computing (Cloudflare Workers, Lambda@Edge).",know_0eabf721be28,,,
Sizewell C,1,0.75,0.75,in-e20b167f7df3337c,LLM,Cloud Computing & Infrastructure,Strong_Growth,0.85,0.15434082,0.0,Sizewell C was formerly under the majority ownership of the EDF Group but is currently majority owned by HM Government and operates as an independent company.,know_8d8a23a0fe9e,,,
data patterns,1,0.75,0.75,in-222ce273412611d7,LLM,Routine Data Entry & Clerical,Decline,-0.6,0.39884907,-0.2393094420433044,"This will include developing an understanding of data lineage, and quality verifying data segmentation and patterns, and using Python and SQL.",know_4f52789ba617,,,
Docusign Agreement Cloud,1,0.75,0.75,in-2bb772370042153d,LLM,Advanced Communication & Collaboration,Moderate_Growth,0.4,0.30027035,0.1201081395149231,You will prototype machine learning models that deliver more personalized and automated customer experiences throughout the Docusign Agreement Cloud.,know_b8c20c0a9a78,,,
EMEIA Sales Finance,1,0.75,0.75,in-1c9bc4d03208284b,LLM,Digital Platforms & E-commerce,Moderate_Growth,0.7,0.2741684,0.0,"To do all of this you will be an excellent communicator, collaborator and innovator, with a passion for debate and inclusion. Description Our team provides data & automation infrastructure to enable commercial insights for EMEIA Sales Finance and EMEIA Sales.",know_cbc50073a4df,,,
game engine development,1,0.75,0.75,in-ffb5b1e94e5328f3,LLM,Game Development & Interactive Media,Moderate_Growth,0.6,0.45652014,0.2739120841026306,"By joining Frostbite, you'll be at the forefront of game engine development, collaborating with top -tier developers to push the boundaries of interactive realism and immersive gameplay.",know_ef5ac3fa9d58,,,
cost analysis,1,0.75,0.75,in-1a4dce1c89e1df82,LLM,Business Analysis & Requirements Engineering,Moderate_Growth,0.5,0.30036458,0.1501822918653488,"This involves gathering project specifications, developing business cases, and conducting cost analysis where appropriate.",know_11b5e8f0c975,,,
Flask,2,0.8009999999999999,0.8009999999999999,in-b708da2b33f5c59c,BERT+LLM,Database & Systems Administration,Moderate_Growth,0.5,0.12199118,0.0,"Expect meaningful ownership and to be challenged and rewarded in equal measure. ### Technical Our platform is primarily built in Python and hosted on AWS, incorporating Flask, Pytest, Mypy, Docker, PostgreSQL, SQS, S3, and Terraform.",know_9784e91c7b26,,,
C++,2,0.75,0.75,in-b608315da704076b,LLM,AI & Machine Learning,Strong_Growth,1.0,0.24981686,0.0,"OpenMM, GROMACS, MDAnalysis, PyMOL). Experience applying machine learning (especially deep learning, GNNs, or generative models) to chemical or biological data. Knowledge of advanced CADD techniques such as Free Energy Perturbation (FEP), docking, pharmacophore modeling, or quantum mechanics (QM). Familiarity with DevOps practices and Infrastructure as Code tools (e.g., AWS CDK, Terraform). A portfolio of projects or open -source contributions demonstrating your skills in scientific software dev",know_f6f87c9fdcf8,,,
USCENTCOM AOR,1,0.75,0.75,in-74b665ceeac92b03,LLM,Advanced Communication & Collaboration,Moderate_Growth,0.4,0.14318848,0.0,The Information Operations (IO) Support Analyst supports the Communications Directorate in planning and executing information operations for MARCENT within the USCENTCOM AOR.,know_0615115e7002,,,
IT services,1,0.75,0.75,in-76ee2832f6c5491c,LLM,Cloud Computing & Infrastructure,Strong_Growth,0.85,0.3308161,0.2811936765909195,"Our team of high performers is driven to provide our customers with outstanding service and Albertans with choices they can trust. ABOUT INFORMATION TECHNOLOGIES IT proudly provides the computer systems, security, IT services and governance that support AGLC’s businesses, including the operation & support of mission critical gaming, liquor and corporate systems running on a variety of computing platforms.",know_d35386f85a6a,,,
state law,1,0.75,0.75,in-381f9ba242c8a41b,LLM,Blockchain & Distributed Systems,Moderate_Growth,0.5,0.13620156,0.0,"To the extent applicable state or local law offers more generous benefits, Align complies with any such law.### About Align Technology Your growth and well -being: At Align, every smile matters.",know_97ccac244737,,,
nuclear waste management,1,0.75,0.75,in-63a1c003516c5395,LLM,Environmental & Sustainability Technology,Moderate_Growth,0.6,0.2630952,0.0,"The NWMO has been guided for more than 20 years by a dedicated team of world -class scientists, engineers and Indigenous Knowledge Holders who are developing innovative and collaborative solutions for nuclear waste management.",know_2ba4f51b341e,,,
Pharmacist,1,0.75,0.75,in-2abe03725eaefe11,LLM,Routine Data Entry & Clerical,Decline,-0.6,0.14064567,0.0,"Intern Pharmacist - Chemist Warehouse Okara Park ---------------------------------------------------- From aspiring pharmacists to analytical payroll professionals, store support superstars to specialist skincare and cosmetic buyers and wise web developers to warehouse gurus - the opportunities really are limitless at Chemist Warehouse!",know_7f85ffeaa605,,,
Outsourcing,1,0.75,0.75,in-fef78a02a55a4861,LLM,Database & Systems Administration,Moderate_Growth,0.5,0.31691378,0.1584568917751312,"Outsourcing is not just a method of gaining a one -time cost advantage, but an effective strategy for gaining and maintaining competitive advantages when executed as part of an overall sourcing strategy.",know_421676a5f891,,,
public health,1,0.75,0.75,in-dcd8dd1044f2926f,LLM,Leadership & People Development,Moderate_Growth,0.55,0.13884793,0.0,"The Stormwater Specialist supports a proactive and integrated approach to managing stormwater systems to protect public health, infrastructure assets, and the environment. collaboration with internal departments, external agencies, and the public to implement best practices in stormwater management and watershed planning.",know_a54fc01a0e9b,,,
Wi-Fi Access Points,1,0.75,0.75,in-478c98da72e69f5d,LLM,Process Automation & RPA,Moderate_Growth,0.5,0.061666664,0.0,"In these roles, you will take the lead or support in installing copper and fibre cabling, containment, termination, testing, labelling and documentation for structured cabling systems and related technologies (such as Wi -Fi Access Points).",know_64e32da69528,,,
Software,2,0.75,0.75,in-756ed073383e9b93,LLM,,,,,,"About us At Fenergo, we’re not just building software—we’re transforming how the world’s leading financial institutions fight financial crime.",know_719d067b2291,,,
schedule management,1,0.75,0.75,in-ce50f5b7ca7b3e6c,LLM,Project Management & Agile Methodologies,Moderate_Growth,0.55,0.29674172,0.0,"In addition to the above, you will: Identify and understand business problems and opportunities. Map out journey from current to future state. Gather, analyse and document requirements through workshops. Model solution requirements. Facilitate communication and collaboration. Propose and evaluate solutions. Support the implementation and testing of solutions. Identify and manage risks, quality and schedule related to your projects.",know_b26a75c3096e,,,
scheduling,2,0.5045,0.5045,in-752b949d027be167,BERT (standalone),Database & Systems Administration,Moderate_Growth,0.5,0.20773941,0.0,"Who We Are: Barber -OS is an all -in -one platform for barbershops—anchored by online booking & scheduling—with additional tools to help shops run and grow (e.g., client marketing, staff management, point of sale, payments, inventory, analytics).",know_72923ba4176f,,,
IT Applications,1,0.75,0.75,in-dbdc5514cc99c303,LLM,Database & Systems Administration,Moderate_Growth,0.5,0.32330132,0.1616506576538086,"This role sits within the Digital team and provides the technical depth and hands -on expertise required to maintain, optimise and evolve the Microsoft Power BI and Microsoft Fabric environments, in partnership with the firm’s Data Analytics and Insights team, Data Engineering, IT Applications and Cloud & Infrastructure.",know_3a888c777048,,,
contract,1,0.385,0.385,in-4dd4be4468b8f8b5,BERT (standalone),Advanced Communication & Collaboration,Moderate_Growth,0.4,0.21109526,0.0,"KEY RESPONSIBILITIES Collect, validate, analyse, consolidate and maintain HR, Sustainability, contract and supplier performance data. Produce dashboard reports from contract delivery data to assist contract compliance, budget and strategic reviews and trends. Build, update and maintain Power BI dashboards and reports for internal and external use. Support the production of monthly and quarterly performance reports, including HR KPIs, engagement, turnover, absence, and ESG metrics. Identify and i",know_800c327aefb3,,,
training solutions,1,0.75,0.75,in-fccebe9f39e20a5c,LLM,AI & Machine Learning,Strong_Growth,1.0,0.31116676,0.311166763305664,MAK also develops training solutions for the United States and International militaries to address individual and collective training.,know_5edd4e61d394,,,
Audit,2,0.7875,0.7875,in-9219c006480bb1ef,BERT+LLM,Business Analysis & Requirements Engineering,Moderate_Growth,0.5,0.18755087,0.0,"Accountabilities: Monitoring and Analysis of Information Security Events Information Security Threat Alerting Information Security Reporting Audit, Compliance, and Oversight Services Customer Support What you will bring Certificate or degree from an accredited college or university or equivalent experience Minimum of four years experience as an Information Technology practitioner or in another I.S. related function Experience using trouble ticketing systems (e.g.",know_eda63b570db8,,,
Portfolio Management,1,0.75,0.75,in-9068e588b7dc4f2d,LLM,Project Management & Agile Methodologies,Moderate_Growth,0.55,0.35396898,0.1946829378604889,"Principal Architect, AI Infrastructure Solovis is a leading portfolio management and analytics platform helping institutional investors navigate today’s complex global markets with clarity and confidence.",know_a15cf1ff7f22,,,
Regulation,1,0.426,0.426,in-458b010c0c4b87ff,BERT (standalone),Digital Platforms & E-commerce,Moderate_Growth,0.7,0.14842296,0.0,"Demonstrated capability in interpreting, applying, and advising on regulatory requirements. Prior experience working with usability and electrical medical devices will be considered a significant advantage for this position. Standards Knowledge: Expert understanding of international quality standards, specifically ISO 13485, Regulation knowledge: Expert understanding of international regulations, specifically FDA QSMR, MDSAP, and MDR 2017/745 (as amended). What is it like to work at Aerogen? Our",know_d60e602d0e5d,,,
water treatment projects,1,0.75,0.75,in-22fdbe0537848b26,LLM,Routine Maintenance Coding,Decline,-0.3,0.25789097,0.0,You’ll be part of a multidisciplinary team delivering integrated solutions across water and wastewater treatment projects.,know_1f55f85b25b3,,,
Walmart’s accessibility standards,1,0.75,0.75,in-8a05d38449430198,LLM,UX/UI & Digital Design,Moderate_Growth,0.55,0.16615392,0.0,The ideal candidate would have knowledge of accessibility best practices and join us as we continue to create accessible products and services following Walmart’s accessibility standards and guidelines for supporting an inclusive culture.,know_37a5c40523ca,,,
legislation covering Trafalgar Square,1,0.75,0.75,in-a6f8576a187e1494,LLM,Environmental & Sustainability Technology,Moderate_Growth,0.6,0.061812297,0.0,"The job holder will be required to qualify to become a warranted enforcement Officer in relation to the legislation covering Trafalgar Square and Parliament Square Gardens, within 4 months of commencing the role, training for this will be provided.",know_a7b8f26d6b77,,,
legislation covering Parliament Square Gardens,1,0.75,0.75,in-a6f8576a187e1494,LLM,Environmental & Sustainability Technology,Moderate_Growth,0.6,0.11726423,0.0,"The job holder will be required to qualify to become a warranted enforcement Officer in relation to the legislation covering Trafalgar Square and Parliament Square Gardens, within 4 months of commencing the role, training for this will be provided.",know_f16bcea2e13e,,,
"JS,",1,0.549,0.549,in-3a39cfdef1dc8c0a,BERT (standalone),Legacy Web Development,Decline,-0.4,0.25777483,0.0,"JS, or JavaScript. Experience with Salesforce DX, SFDX CLI, CI/CD tooling (GitHub/Bitbucket, Splunk/Sumologic) and test automation frameworks. Knowledge and understanding building APEX code/classes, triggers, integrations, Visualforce/ Lightning UI components. Experience in design and implementation of real -time and batch integration with Salesforce and other systems using REST/Bulk APIs. Experience with Agile development environments, secure coding practices and security implementations. Sales",know_b26949de1459,,,
AmazeCon,1,0.75,0.75,in-2c13c2be76b85ef4,LLM,Database & Systems Administration,Moderate_Growth,0.5,0.08242558,0.0,"Des événements et des expériences d'apprentissage toujours en cours, notamment les conférences sur la race et l'ethnicité (CORE) et AmazeCon (diversité des genres), nous incitent à ne jamais cesser de valoriser nos différences.",know_952a11fe4ee7,,,
open,1,0.559,0.559,in-ae8b8076b7ef1eed,BERT (standalone),Database & Systems Administration,Moderate_Growth,0.5,0.0963669,0.0,"Programming experience with open -source scripting and data analysis packages like Python, R is a plus. Additional Information ========================== GE Aerospace offers a great work environment, professional development, challenging careers, and competitive compensation.",know_7cef8a734855,,,
Cross,1,0.558,0.558,in-e93b7f13f10ee6f3,BERT (standalone),,,,,,"If you’re ready to learn, grow, and help shape the future of how technology empowers businesses, we’d love to meet you. Additional Skills: Accountability, Accountability, Active Learning, Active Listening, Assertiveness, Bias, Building Rapport, Buyer Personas, Coaching, Complex Sales, Creativity, Critical Thinking, Cross -Functional Teamwork, Customer Experience Strategy, Customer Interactions, Design Thinking, Empathy, Financial Acumen, Follow -Through, Growth Mindset, Identifying Sales Opportu",know_e76b449b9fc8,,,
Tuition reimbursement,1,0.75,0.75,in-277cf9b06c74153d,LLM,,,,,,"From your health to your financial wellness, there are several benefits for you and your family when joining Signature Aviation. Our Benefits: Medical/prescription drug, dental, and vision Insurance Health Savings Account Flexible Spending Accounts Life Insurance Disability Insurance 401(k) Critical Illness, Hospital Indemnity and Accident Insurance Identity Theft and Legal Services Paid time off Paid Maternity Leave Tuition reimbursement Training and Development Employee Assistance Program (EAP",know_e7d8ba2a2416,,,
Apprentissage Automatique,1,0.75,0.75,in-1dcb0afba693556f,LLM,Process Automation & RPA,Moderate_Growth,0.5,0.2971237,0.0,"Le travail à distance doit être exécutés sur le territoire du Québec. Ingénieur(e) en Apprentissage Automatique (ML Engineer) LieuQuébec ContratPermanent ou Contrat Processus Une rencontre physique dans les bureaux d’IT Link à Montréal, métro McGill.",know_b047225cbd5d,,,
absence metrics,1,0.75,0.75,in-4dd4be4468b8f8b5,LLM,Cloud Computing & Infrastructure,Strong_Growth,0.85,0.09169423,0.0,"KEY RESPONSIBILITIES Collect, validate, analyse, consolidate and maintain HR, Sustainability, contract and supplier performance data. Produce dashboard reports from contract delivery data to assist contract compliance, budget and strategic reviews and trends. Build, update and maintain Power BI dashboards and reports for internal and external use. Support the production of monthly and quarterly performance reports, including HR KPIs, engagement, turnover, absence, and ESG metrics. Identify and i",know_a0e014ae395c,,,
culture,1,0.75,0.75,in-e5fcb146e8b9f431,LLM,Leadership & People Development,Moderate_Growth,0.55,0.1923653,0.0,"The course emphasizes global perspectives, artistic movements, design innovation, and the relationship between culture, technology, and society. ARTV 3150 – Computer Graphics II: Time and Sequence (3 credits)A studio -intensive course focused on time -based media, narrative development, and visual storytelling.",know_3f7039a836c0,,,
enterprise data platform,1,0.75,0.75,in-816ac9d92b1f2c12,LLM,,,,,,"You will: Lead data -driven solution design + deliver value -focused outcomes ️ Champion data governance, privacy + compliance frameworks Define KPIs + measure benefits realisation Guide delivery: backlog, ceremonies, stakeholder workshops, UAT Validate data integrity, quality + readiness for enterprise scale Work with technical teams to uplift our enterprise data platform Evaluate tools, tech + platforms for AA’s future data ecosystem What you’ll bring 8 + years Business Analysis with 2 + years",know_4dc0ec81b182,,,
algorithmic trading,1,0.75,0.75,in-ea2a9e0627ec4b56,LLM,Blockchain & Distributed Systems,Moderate_Growth,0.5,0.35726672,0.1786333620548248,Soon -to -be master’s/PhD graduate or post -doc: You conduct research in a quantitative discipline and are available to join the programme in June 2026 .,know_26ff1aa143bb,,,
best practices,5,0.75,0.75,in-cf7f60dee735734d,LLM,Routine Maintenance Coding,Decline,-0.3,0.304861,-0.0914583027362823,"We are dedicated to making Google experiences centered around the user.Responsibilities -------------------- Write product or system development code. Participate in, or lead design reviews with peers and stakeholders to decide among available technologies. Review code developed by other developers and provide feedback to ensure best practices (e.g., style guidelines, checking code in, accuracy, testability, and efficiency). Contribute to existing documentation or educational content and adapt c",know_78ff65afbf92,,,
AI Powered Engineering solutions,1,0.75,0.75,in-46b87efdabab81b8,LLM,Human-AI Collaboration,Strong_Growth,0.95,0.46278763,0.4396482467651367,"You are collaborative and enjoy solving analytical problems to help our team to reach highest potential We are a team of big thinkers who are engineering the future of banking Together we will innovate the future of banking with state -of -the -art AI Powered Engineering solutions Do work that matters Retail Technology Services (RBS) provides the underpinning technology for simple, convenient and affordable banking and general insurance products and services to personal and private bank customer",know_647f2da0aad4,,,
Redistribution & Co-sell partnerships,1,0.75,0.75,in-57d70c0fd3accddf,LLM,Advanced Communication & Collaboration,Moderate_Growth,0.4,0.28983673,0.0,"Scope and Impact: Reports into the Global Head of Partners and member of APAC SAM Leadership Team Manage Asia Partners organization to drive increased revenue growth across all Redistribution & Co -sell partnerships in region Oversees Asia Account Management team of ~6 -7 account managers Partner and align closely with Product Leadership across RI, FTSE and D &A to devise strategies and accountability for successful partnerships Lead execution of Asia Partners strategy to maximize current and fu",know_e8e70c85a4b3,,,
social media,2,0.7895,0.7895,in-49099bdcf0fb6b25,BERT+LLM,Database & Systems Administration,Moderate_Growth,0.5,0.2872013,0.0,"Experience in Red Giant and Cinema 4D or equivalent are added bonuses. You love brands and social media: you're fascinated by brands, and how they market themselves and use social media to do this. You’re a self -driven problem solver with initiative and you are proactive in navigating challenges and taking pride and ownership in your work, quality, and delivery. You’re an excellent communicator who can manage expectations and flag or anticipate potential challenges early on. You're comfortable ",know_56b7bb687185,,,
Plastics,1,0.844,0.844,in-fafd0a966425224e,BERT+LLM,Legacy Web Development,Decline,-0.4,0.20232996,0.0,"Other surgical specialties include Neurosurgery, Orthopaedics, Plastics, Vascular, Thoracics, Orology, ENT, Paediatrics, General Surgery, HPB, UGI, Endoscopy and Radiology Services. About the role Following the successful implementation of the Elective Surgery Reform Unit, Austin Health is continuing to build on these improvement and reform initiatives with the Patient Support Unit.",know_b18aa2a73591,,,
te Tiriti o Waitangi,1,0.75,0.75,in-5f1f0bf19752b894,LLM,,,,,,You will also have knowledge of te Tiriti o Waitangi (the Treaty of Waitangi) as it applies in the public sector.,know_5931ed23d3fb,,,
Amazon Web Services,1,0.822,0.822,in-6195fbab8cf1bc1f,BERT+LLM,Cloud Computing & Infrastructure,Strong_Growth,0.85,0.28149202,0.0,"MongoDB Experience with message queue technology and design patterns 5 + years of experience with NodeJS 10 + years of experience with object -oriented languages like JavaScript, TypeScript or similar languages Familiarity with services within Amazon Web Services, i.e.",know_6beccc67ff90,,,
termination,1,0.681,0.681,in-478c98da72e69f5d,BERT+LLM,Routine Maintenance Coding,Decline,-0.3,0.14285597,0.0,"In these roles, you will take the lead or support in installing copper and fibre cabling, containment, termination, testing, labelling and documentation for structured cabling systems and related technologies (such as Wi -Fi Access Points).",know_922ba8a7dcc2,,,
Workforce planning,1,0.75,0.75,in-a334e4bb131db3c4,LLM,Routine Data Entry & Clerical,Decline,-0.6,0.3355833,-0.2013499796390533,Quantity means meeting targets set by workforce planners.,know_4d414d06d776,,,
relationship management,1,0.523,0.523,in-be694c81d73fe006,BERT (standalone),Project Management & Agile Methodologies,Moderate_Growth,0.55,0.2818437,0.0,"Synthesize feedback from stakeholders into actionable systems for developers. Cross -Functional Partnership: Collaborate with our operations teams to own partnerships with cross -functional teams, excelling in relationship management and delivery. Problem Solving and Risk Management: Be an excellent observer and proactive problem solver, maintaining an outstanding risk register and identifying risks early to remove roadblocks and potential bottlenecks.",know_e6cbde4277ba,,,
Compliance requirements,1,0.75,0.75,in-d6e9acaa1b4e40e7,LLM,Routine Data Entry & Clerical,Decline,-0.6,0.3051487,-0.1830892145633697,Strong understanding of how to secure AWS environments and meet compliance requirements.,know_9db638cb249c,,,
Surface de vente,1,0.75,0.75,in-51094d1568950e3c,LLM,Business Analysis & Requirements Engineering,Moderate_Growth,0.5,0.093083456,0.0,"Dans ce rôle, vous jouerez un rôle crucial dans le maintien de l'inventaire, en soutenant la surface de vente et en aidant à créer une expérience de magasinage sans heurts pour nos clients.",know_b76446c9ce74,,,
MLOps,2,0.7975,0.7975,in-59f89f855608fde0,BERT+LLM,Cloud Computing & Infrastructure,Strong_Growth,0.85,0.31086692,0.2642368838191032,"You're comfortable building rapid prototypes and iterating on proofs -of -concept to find the best path forward. Clear Communicator: You can articulate complex technical ideas and proposals, fostering open and productive design discussions. --------------------------------------------------------------------------------------------------------------------------------------- Bonus Nice to Haves Experience with our core stack: Databricks, Spark, Kafka, Airflow, Temporal, or dbt. Hands -on experien",know_895a85fc0a1a,,,
enterprise security solutions,1,0.842,0.842,in-8ad8e7c8de4037c3,BERT+LLM,Cybersecurity,Strong_Growth,0.9,0.3662323,0.3296090751886368,"When we feel supported in the workplace and at home, there’s nothing we can’t achieve in the cloud. BASIC QUALIFICATIONS ------------------------ Experience as a technical Security consultant with hands -on technical expertise in building AWS cloud security capabilities in code and deploying infrastructure in code Implementation experience with enterprise security solutions such as WAF, IPS, Anti -DDOS, and SIEM Experience in supporting internal and external customers.",know_30a87e3f2099,,,
clinical trials,2,0.845,0.845,in-e03357f052aa5454,BERT+LLM,Quality Assurance & Testing,Moderate_Growth,0.55,0.13130201,0.0,"The data analyst will be responsible for deeply understanding PAIR’s study protocols and translating that understanding into the creation of appropriately structured analytic files, queries and data collection tools.",know_35e4afaac52a,,,
DAK Stats,1,0.75,0.75,in-b4f9841b07b7ce9b,LLM,Big Data & Analytics,Strong_Growth,0.9,0.14912441,0.0,"Work closely with the in game entertainment team to brainstorm and develop graphics and other assets. Assist in the overall production setup, maintenance and breakdown of production equipment, including: + JVC ENG Professional Cameras + NewTek TriCaster and 3Play systems + Daktronics Display Studio and Content Creator + DAK Stats / PointStreak Stats / Trackman Systems A basic knowledge or foundation of production equipment is a plus but not necessary - training will be provided.",know_a3ce16e78827,,,
-production workflows.,1,0.557,0.557,in-00312d85ec873f86,BERT (standalone),Routine Maintenance Coding,Decline,-0.3,0.40934688,-0.1228040635585784,"This position is ideal for someone who thrives in a creative, fast -moving environment and is experienced with professional lighting, audio, camera systems, live -streaming setups, and post -production workflows.",know_52c46af02512,,,
ETL,6,0.7011666666666666,0.7011666666666666,in-086000ce40db58ea,BERT+LLM,Advanced Communication & Collaboration,Moderate_Growth,0.4,0.2626296,0.0,"There’s plenty of variety and opportunity to enhance your skills. What you’ll do Build and evolve our Microsoft -centric data platform alongside internal colleagues and trusted partners. Design robust pipelines (ELT/ETL) for new data sources, and manage existing ones. Create insightful Power BI reporting, working with stakeholders to co -create the requirements. Deliver analysis that drives decisions.",know_6d60d8638479,,,
Amazon LEO,1,0.75,0.75,in-5e333e63d97f629b,LLM,Database & Systems Administration,Moderate_Growth,0.5,0.20377071,0.0,"If you are exceptionally motivated and passionate about enabling customers on Amazon LEO, then we welcome you to join us, working in a customer -obsessed environment that welcomes innovation and development of automation tools, processes, working with talented people in the industry to make the Amazon LEO goal a reality.",know_38d907683851,,,
orchestration layers,1,0.75,0.75,in-8922fb1fa43b8894,LLM,Cloud Computing & Infrastructure,Strong_Growth,0.85,0.24533409,0.0,"Systems Architecture & Engineering Architect scalable and fault -tolerant agent infrastructures that can handle real -time workloads. Write high -performance, maintainable code in Go, Python, or TypeScript to support agent pipelines, integrations, and orchestration layers. Ensure that AI systems follow best practices for observability, testing, and performance tuning.",know_62bc7a4069f7,,,
space propulsion systems,1,0.75,0.75,in-3fe0a26b5496432d,LLM,Cloud Computing & Infrastructure,Strong_Growth,0.85,0.16192414,0.0,Look no further! Why Join Us Placement opportunity available within our world class Environmental Test and Trials Engineering Team based in Belfast Gain exciting and relevant experience with an industry leader undergoing significant growth Learn and support from some of the best Engineers in the sector An industry leading salary and excellent employee benefits Opportunity for continued part time employment and support throughout your final year Who We Are Thales Integrated Airspace -protection S,know_08e24ccc9146,,,
XHTML,1,0.75,0.75,in-df6f85e26c061439,LLM,Legacy Web Development,Decline,-0.4,0.24899282,0.0,"Our multi -year vision is to build a comprehensive, single source of truth finance data platform for AWS that automates repetitive data sourcing, data validation, and reporting processes to free finance users to spend more time performing complex analyses, supporting business decisions, and telling the story.BASIC QUALIFICATIONS ------------------------ 3 + years of delivering design solutions as a UX designer or interaction designer experience Have an available online portfolio PREFERRED QUALIF",know_24622bc5e4a4,,,
business analytics,1,0.75,0.75,in-879b2fe47e1fbc66,LLM,Big Data & Analytics,Strong_Growth,0.9,0.42700654,0.3843058884143829,"Partners with clinical leaders to optimize clinical workflows within the Hospital's EHR for efficiency. –Supervises, mentors, and evaluates visual, data, and business analytics staff to ensure high performance and professional growth.",know_2f5662c3279d,,,
Visio,1,0.398,0.398,in-deb73d430b786346,BERT (standalone),AI & Machine Learning,Strong_Growth,1.0,0.15472484,0.0,"Infrastructure Design Services' primary deliverable is the TAD (Technical Architecture Document) which details the infrastructure design for the application, platform or system.",know_5f5736b60a26,,,
Rest API,1,0.844,0.844,in-18d58b2611b20352,BERT+LLM,Software Development & Engineering,Moderate_Growth,0.65,0.18125148,0.0,"Key Responsibilities Develop and maintain full -stack solution using Java (Spring Boot, GraphQL, Rest API, Kafka) and Angular. Ensure proper ingestion, curation, storage, and management of data to meet business needs. Write and execute unit, performance, and integration tests. Collaborate with cross -functional teams to solve complex data challenges. Closely work with users to gather the requirements and convert them into an actionable plan.",know_d846e7222d58,,,
Technical Architecture Document,1,0.75,0.75,in-deb73d430b786346,LLM,UX/UI & Digital Design,Moderate_Growth,0.55,0.37177876,0.2044783160090446,"Infrastructure Design Services' primary deliverable is the TAD (Technical Architecture Document) which details the infrastructure design for the application, platform or system.",know_b5204949384a,,,
lead generation,1,0.802,0.802,in-15bd4db408123391,BERT+LLM,Leadership & People Development,Moderate_Growth,0.55,0.29635668,0.0,"This role bridges creative marketing with AI, focusing on building smart systems for content creation, lead generation, and analytics in the wildlife management sector.",know_f5f2b13c5b45,,,
CADD techniques,1,0.75,0.75,in-b608315da704076b,LLM,UX/UI & Digital Design,Moderate_Growth,0.55,0.23938838,0.0,"OpenMM, GROMACS, MDAnalysis, PyMOL). Experience applying machine learning (especially deep learning, GNNs, or generative models) to chemical or biological data. Knowledge of advanced CADD techniques such as Free Energy Perturbation (FEP), docking, pharmacophore modeling, or quantum mechanics (QM). Familiarity with DevOps practices and Infrastructure as Code tools (e.g., AWS CDK, Terraform). A portfolio of projects or open -source contributions demonstrating your skills in scientific software dev",know_c2aa375c0e30,,,
real-time data pipelines,1,0.75,0.75,in-48d18e48648d60a1,LLM,Big Data & Analytics,Strong_Growth,0.9,0.34923714,0.3143134295940399,"What You'll Do Work on our infrastructure together with the squad, making it reliable and efficient while delivering value to data producers and consumers within Spotify. Build large -scale Java and Apollo based backend systems and batch and real -time data pipelines with data processing frameworks like Scio and Apache Beam. Take an active part in the operational responsibilities for our own infrastructure Work in an autonomous, multi -functional agile team and collaborate with other squads in o",know_a0d0eb0d75ec,,,
structural integrity,1,0.801,0.801,in-d5f9731897feb961,BERT+LLM,Legacy Web Development,Decline,-0.4,0.23893788,0.0,"You will need to work in Singapore. Design and Implement overall Mechanical Systems of Autonomous Platforms: Hovering Autonomous Underwater Vehicle (HAUVs) Design of mechanical components, mechanisms and electronics housings in CAD. Conduct Finite Element Analysis Simulation on design components for structural integrity and stress failure assessment. Drafting of 2D drawings for fabrication and assembly. Assembly and testing of designed mechanical components in the workshop and testing in real wo",know_5f2385225cae,,,
NNSA SD 206.2,1,0.75,0.75,in-f9b270a51d2e324c,LLM,Database & Systems Administration,Moderate_Growth,0.5,0.08437691,0.0,"Ability to obtain a HSPD -12 Personal Identity Verification credential under the Department of Energy Order 206 .2, ‘ Identity, Credential, and Access Management ,’ and Supplemental Directive NNSA SD 206 .2, ‘ Implementation of Personal Identity Verification for Uncleared Contractors .’ MSTS is an Equal Opportunity Employer.",know_75e152f4e5e4,,,
message queues,1,0.841,0.841,in-94c8e798911e3470,BERT+LLM,Database & Systems Administration,Moderate_Growth,0.5,0.25805414,0.0,"PREFERRED EDUCATION: Bachelor’s degree in computer science, Engineering, or a related field. 5 + years of software development experience, with at least 3 years of hands -on MuleSoft development. Strong knowledge of MuleSoft Anypoint Platform, including Anypoint Studio, API Manager, Runtime Manager. Proficiency in RAML/OpenAPI, DataWeave (Mule Expression Language), and MUnit testing framework. Experience with RESTful APIs, JSON, XML, JMS, and message queues. Familiarity with CI/CD tools (e.g., J",know_913382633730,,,
AI systems,1,0.75,0.75,in-8922fb1fa43b8894,LLM,AI & Machine Learning,Strong_Growth,1.0,0.4886387,0.488638699054718,"Systems Architecture & Engineering Architect scalable and fault -tolerant agent infrastructures that can handle real -time workloads. Write high -performance, maintainable code in Go, Python, or TypeScript to support agent pipelines, integrations, and orchestration layers. Ensure that AI systems follow best practices for observability, testing, and performance tuning.",know_e3774e2bf112,,,
CI,9,0.557888888888889,0.557888888888889,in-68c8bc8b4022b6bd,BERT (standalone),Human-AI Collaboration,Strong_Growth,0.95,0.24162039,0.0,"We don’t expect you to know them all but experience or exposure with some of these (or equivalents) will set you up for success in this team; Backend: .NET, C #, or willingness to learn Frontend: React.js, Next.js, Angular.js Architecture: Deep expertise in Microservices, GraphQL (Apollo), RESTful APIs, and domain -driven design. CI/CD: GitHub Actions, Jenkins, Bitbucket Pipelines, Gitlab Runners. Cloud knowledge with AWS Containerization using docker or kubernetes GenAI Studio(Copilot/RooCode/C",know_3ba0f40775d6,,,
Construction oversight,1,0.75,0.75,in-284aea3683ea74a5,LLM,Routine Maintenance Coding,Decline,-0.3,0.18048668,0.0,"The Construction Oversight Manager will be responsible for the construction element of multiple projects at the Eunice, NM site.",know_327acdd09376,,,
system documentation,1,0.75,0.75,in-96f2f1e631de2586,LLM,Routine Maintenance Coding,Decline,-0.3,0.3404745,-0.1021423459053039,"Maintain testing documentation and ensure compliance with quality standards. f) V endor Management & Documentation Liaise with external vendors for system documentation, particularly for NParks central system(s) and related technologies.",know_8b86ff5dc293,,,
digital transformation,3,0.75,0.75,in-697d3d5533d10212,LLM,Technological Literacy & Digital Fluency,Strong_Growth,0.85,0.37218332,0.31635582447052,"With offices in Dublin, Belfast, Cologne and across Germany, 300 + specialists help customers harness Microsoft technologies - including Dynamics 365, Power Platform, Azure and Copilot - to drive innovation, automation and operational excellence### About Codec Established over 40 years ago, Codec is a multi -award -winning Microsoft Solutions Partner, trusted by public and private sector organisations to deliver impactful digital transformation.",know_0004bc07edb4,,,
Cybersecurity programs,1,0.75,0.75,in-2650e0f960a33a06,LLM,Cybersecurity,Strong_Growth,0.9,0.5608584,0.5047725856304169,"As a cybersecurity professional in EY Singapore, you will have the chance to work with an international connected team of specialists in serving our clients through providing independent assessments or implementation of cyber solutions that contributes toward their business resilience. Core Cybersecurity - You will work with your project team and the client to execute engagements which help the client to measure the effectiveness of its cybersecurity programs, assess the cybersecurity risk of a ",know_84e63a35e6c1,,,
Antenna Power Supply and Control (APSC),1,0.75,0.75,in-a66689799bc479cf,LLM,UX/UI & Digital Design,Moderate_Growth,0.55,0.04475723,0.0,This vacancy is for a Project Engineering Lead (PEL) to lead and coordinate the engineering effort on the Antenna Power Supply and Control (APSC) within the MK 2 radar system.,know_03eb4d624516,,,
IRM,1,0.851,0.851,in-5f6b1fd17c9867d0,BERT+LLM,Project Management & Agile Methodologies,Moderate_Growth,0.55,0.16869375,0.0,"This role is ideal for someone with hands -on ServiceNow experience who enjoys solving problems, collaborating with customers, and wants to continue growing skills across IRM/GRC and SecOps. What you’ll do Customer & Platform Support Be the first point of contact for customers using our ServiceNow apps (e.g.",know_7244d4f153c4,,,
Stats,1,0.473,0.473,in-b4f9841b07b7ce9b,BERT (standalone),Big Data & Analytics,Strong_Growth,0.9,0.20857015,0.0,"Work closely with the in game entertainment team to brainstorm and develop graphics and other assets. Assist in the overall production setup, maintenance and breakdown of production equipment, including: + JVC ENG Professional Cameras + NewTek TriCaster and 3Play systems + Daktronics Display Studio and Content Creator + DAK Stats / PointStreak Stats / Trackman Systems A basic knowledge or foundation of production equipment is a plus but not necessary - training will be provided.",know_452a7601dbc6,,,
Django,1,0.848,0.848,in-df4c58ba7dee56c3,BERT+LLM,Database & Systems Administration,Moderate_Growth,0.5,0.1794641,0.0,"You'll define the strategy and roadmap for our Python driver, integrations (such as with Django, Flask and FastAPI), and tooling, informed by the needs of the ecosystem.",know_ef0f93c83e37,,,
agile practices,1,0.75,0.75,in-832889a1223dd15f,LLM,Project Management & Agile Methodologies,Moderate_Growth,0.55,0.5685712,0.3127141654491425,"This role is not just about systems and coding - it’s about asking the right questions, understanding the problem and need, thinking outside the box, leveraging AI tools, having good agile and clean code practices, developing strong relationships and collaborating on the bigger picture. About DiUS: DiUS is an Australian B2B technology services company with an excellent reputation as a trusted consulting partner.",know_a57f4347c3fb,,,
Cloud-native solutions,1,0.75,0.75,in-6a5ccbe7d1338e4b,LLM,Cloud Computing & Infrastructure,Strong_Growth,0.85,0.440212,0.3741802096366882,"Our cloud -native, easy -to -integrate solutions make scaling seamless.",know_15d221955cb0,,,
EIA/TIA,1,0.75,0.75,in-dd4ecd60e58e6bd0,LLM,Advanced Communication & Collaboration,Moderate_Growth,0.4,0.15709585,0.0,"Eng, RCDD, PSP, CTS, CTS -D, MCSE, CCIE Certifications are an asset. Knowledgeable about industry standards including AVIXA, BISCI, EIA/TIA, ASIS and CSA. Strong knowledge of Microsoft Office, CAD/Revit, MS Project. Demonstrate a strong leadership qualities and ability to work independently. Demonstrate the ability to work in a complex environment, dealing with multiple projects and clients. Possess sound communication skills as demonstrated through client and staff relations. Demonstrate experi",know_15ecca1279d0,,,
in,1,0.549,0.549,in-80aa4c8b345e347c,BERT (standalone),Database & Systems Administration,Moderate_Growth,0.5,0.17997395,0.0,"Test, Debug & Document Debug firmware using lab equipment and tools such as oscilloscopes, logic analyzers, multimeters, in -circuit emulators and protocol sniffers. Create and maintain detailed technical and customer -facing documentation. Participate in detailed code reviews to ensure adherence to Aarcomm’s coding and quality standards.",know_13b5bfe96f3e,,,
pro workflows,1,0.75,0.75,in-d10d817a4109cb43,LLM,Routine Maintenance Coding,Decline,-0.3,0.34774333,-0.104322999715805,"This is a senior individual contributor role: you’ll be in the weeds with pro workflows, write the narratives and copy, and drive cross -functional campaigns.",know_44ee415d15b3,,,
Ontario,1,0.75,0.75,in-76b4dd8a1e3b013e,LLM,UX/UI & Digital Design,Moderate_Growth,0.55,0.14331418,0.0,Plan Group Inc. is currently looking for an Electrical Design Manager to join our Integrated Pursuits team in pursuing major constructions projects across Canada.,know_4a0ade8fc063,,,
solar energy,1,0.75,0.75,in-731a0a03800ca771,LLM,Environmental & Sustainability Technology,Moderate_Growth,0.6,0.24060358,0.0,"Join us and be part of our future success story. About the role ------------------ You will initially join us for the early works of the Brigalow Power Project, a proposed natural gas power station that will provide firming capacity for peak electricity demand periods and complement variable wind and solar energy.",know_a11a9b134922,,,
SAP’s,1,0.543,0.543,in-57793e22513bd508,BERT (standalone),Database & Systems Administration,Moderate_Growth,0.5,0.30360734,0.1518036723136901,"Strong understanding of moving customers from SAP Process Integration (PI), Process Orchestration (PO), APIs, and middleware technologies to SAP Integration Suite, Familiar with SAP’s ISA -M methodology. Data Architecture and Management: Reporting and analytics, data modeling, master data management and governance, and data quality.",know_ef6593e46b30,,,
Moon,1,0.75,0.75,in-ecc31b93bd6c0dea,LLM,Cloud Computing & Infrastructure,Strong_Growth,0.85,0.19047335,0.0,"Our Space Systems business designs and builds our extensive line of satellites, payloads, and their components, including spacecraft that have been selected to support NASA missions to the Moon and Mars and components used on the James Webb Space Telescope. SPACE SYSTEMS Rocket Lab Space Systems started with the CAPSTONE mission in support of NASA's Artemis program, launching a satellite into a unique Near Rectilinear Halo Orbit around the moon.",know_d502a50ed945,,,
Outlook),1,0.543,0.543,in-132d07933c8a86bb,BERT (standalone),,,,,,"Strong computer skills a must, including Microsoft Office suite (Excel, Word, Outlook) and ability to learn new systems (MIS, ADP/payroll software, etc.).",know_e9969128ef40,,,
risk signal models,1,0.849,0.849,in-688c9596567360d1,BERT+LLM,Cybersecurity,Strong_Growth,0.9,0.16451353,0.0,"This role combines full -stack engineering with AI integration, focusing on building intelligent dashboards, predictive risk models, and smart automation to enhance user yield strategies. Key Responsibilities Design and implement front -end components (React, TypeScript) and back -end systems (Node.js, Python, Go), including vault logic, API endpoints, and integrations with lending and AMM protocols. Architect and deploy AI features such as predictive analytics, risk signal models, and recommend",know_4b46b3c281d6,,,
RooCode,1,0.75,0.75,in-68c8bc8b4022b6bd,LLM,Database & Systems Administration,Moderate_Growth,0.5,0.1032967,0.0,"We don’t expect you to know them all but experience or exposure with some of these (or equivalents) will set you up for success in this team; Backend: .NET, C #, or willingness to learn Frontend: React.js, Next.js, Angular.js Architecture: Deep expertise in Microservices, GraphQL (Apollo), RESTful APIs, and domain -driven design. CI/CD: GitHub Actions, Jenkins, Bitbucket Pipelines, Gitlab Runners. Cloud knowledge with AWS Containerization using docker or kubernetes GenAI Studio(Copilot/RooCode/C",know_e8851482905f,,,
multi-brand complexity,1,0.833,0.833,in-6f2541ed7a92797d,BERT+LLM,Digital Platforms & E-commerce,Moderate_Growth,0.7,0.17393404,0.0,"You’re equally comfortable in Figma and GitHub. You are outcome -oriented and are able to bring initiative and a self -starter attitude. You’re familiar with CMS -driven design environments and multi -brand complexity. You are passionate about your craft – you have a strong eye for hierarchy, typography, and composition, and an instinct for orchestrating these to create delightful interactions.",know_aa5278fc0471,,,
State Government projects,1,0.75,0.75,in-d7f955d1258c78ff,LLM,Project Management & Agile Methodologies,Moderate_Growth,0.55,0.23515959,0.0,"This role will see you working as part of our highly experienced team where you will apply your prior engineering and analytical technical skills to produce engineering solutions for a range of AECOM’s Transport and Civil Infrastructure projects, including Cairns Ring Road and other large -scale State Government projects. Be part of a close -knit Far North Queensland office while connected to a national network of engineers and designers. Opportunity to apply prior Civil Engineering project expe",know_23ecfc4e6e7c,,,
derivatives,2,0.7145,0.7145,in-554dc0d2bef78a4c,BERT+LLM,Legacy Web Development,Decline,-0.4,0.16909188,0.0,"Familiarity with high -frequency trading (HFT) systems and algorithmic trading strategies is also crucial. Financial Acumen : A solid background in traditional finance or a related field, with knowledge of market structures, derivatives, and risk management. Leadership and Communication : Proven experience in leading and mentoring a team.",know_f75369b9e0ef,,,
encryption,1,0.812,0.812,in-ff00b1a5996442d1,BERT+LLM,Blockchain & Distributed Systems,Moderate_Growth,0.5,0.25539497,0.0,"Splunk, QRadar), IDS/IPS, firewalls, EDR/XDR. Strong understanding of network security, encryption, authentication, and security protocols. Knowledge of threat intelligence frameworks (e.g.",know_5bdf74912a51,,,
technical areas,1,0.75,0.75,in-33f7ac68b9c721cf,LLM,Advanced Communication & Collaboration,Moderate_Growth,0.4,0.45280913,0.1811236500740051,"Mentor junior team members and provide guidance in research design, technical areas, and stakeholder engagement.",know_6c26f172f55b,,,
SAP S/4HANA landscapes,1,0.75,0.75,in-e0ae2731dd70688b,LLM,Software Development & Engineering,Moderate_Growth,0.65,0.22218454,0.0,They lead a technical steering committee meeting where they present a vision for implementing AI -driven automation within SAP S/4HANA landscapes.,know_d0d8826dedc3,,,
EKS,1,0.75,0.75,in-59f89f855608fde0,LLM,Cloud Computing & Infrastructure,Strong_Growth,0.85,0.2089229,0.0,"You're comfortable building rapid prototypes and iterating on proofs -of -concept to find the best path forward. Clear Communicator: You can articulate complex technical ideas and proposals, fostering open and productive design discussions. --------------------------------------------------------------------------------------------------------------------------------------- Bonus Nice to Haves Experience with our core stack: Databricks, Spark, Kafka, Airflow, Temporal, or dbt. Hands -on experien",know_f79368a88745,,,
IT infrastructure,2,0.75,0.75,in-ba065750a5c5f0dd,LLM,Cloud Computing & Infrastructure,Strong_Growth,0.85,0.46409833,0.3944835841655731,Join us as we continue to innovate and improve our IT infrastructure.,know_5992bf91ab6d,,,
data management,1,0.75,0.75,in-07327cecfc3dbffe,LLM,Database & Systems Administration,Moderate_Growth,0.5,0.48787192,0.2439359575510025,"Australian Citizen). Flexibility to complete a wide range of site programs, with dedication to site safety. Ability to provide high -quality data management using industry -standard tools. Additional Information Why you’ll love working with us: Flexible work arrangements, including alternative start/finish times, part -time, job -sharing and hybrid work options Purchase up to 6 weeks additional annual leave per year Swap public holidays – swap Easter or other holidays for ones that suit you bett",know_58019e8728bb,,,
Criminal Histories,1,0.75,0.75,in-e636040385918d40,LLM,Routine Data Entry & Clerical,Decline,-0.6,0.256748,0.0,Those laws and regulations may restrict Fidelity from hiring and/or associating with individuals with certain Criminal Histories.,know_337f3d3aff70,,,
premium experiences,1,0.75,0.75,in-fed2502709b6e50b,LLM,Legacy Web Development,Decline,-0.4,0.2336326,0.0,"Across multiple global Business Units and Global Functions, we are shaping the future of audio technology, automotive, luxury, and premium experiences.",know_3390de4bea51,,,
new products,1,0.75,0.75,in-a5a2f0a9ae95c4fc,LLM,Digital Platforms & E-commerce,Moderate_Growth,0.7,0.17148028,0.0,You will help determine data usability for client -focused use cases and support the development of new products.,know_bca2f010ec71,,,
Word,1,0.833,0.833,in-132d07933c8a86bb,BERT+LLM,Resilience & Adaptability,Strong_Growth,0.75,0.118303515,0.0,"Strong computer skills a must, including Microsoft Office suite (Excel, Word, Outlook) and ability to learn new systems (MIS, ADP/payroll software, etc.).",know_07a094a21079,,,
Power BI Desktop,1,0.75,0.75,in-a5314a07c4a9b99d,LLM,UX/UI & Digital Design,Moderate_Growth,0.55,0.12826677,0.0,"Leveraging LLM is a pivotal tool in this mission, and we aim to provide a seamless and engaging user experience across the Power BI Desktop application and powerbi.com.",know_a4c4c0f13e91,,,
data processing,1,0.552,0.552,in-48d18e48648d60a1,BERT (standalone),Routine Data Entry & Clerical,Decline,-0.6,0.33726442,-0.2023586511611938,"What You'll Do Work on our infrastructure together with the squad, making it reliable and efficient while delivering value to data producers and consumers within Spotify. Build large -scale Java and Apollo based backend systems and batch and real -time data pipelines with data processing frameworks like Scio and Apache Beam. Take an active part in the operational responsibilities for our own infrastructure Work in an autonomous, multi -functional agile team and collaborate with other squads in o",know_5eb5b45e7b9a,,,
Regulations,1,0.75,0.75,in-2650e0f960a33a06,LLM,Business Analysis & Requirements Engineering,Moderate_Growth,0.5,0.19837204,0.0,"As a cybersecurity professional in EY Singapore, you will have the chance to work with an international connected team of specialists in serving our clients through providing independent assessments or implementation of cyber solutions that contributes toward their business resilience. Core Cybersecurity - You will work with your project team and the client to execute engagements which help the client to measure the effectiveness of its cybersecurity programs, assess the cybersecurity risk of a ",know_863171b8c7f5,,,
S4,1,0.485,0.485,in-8e8358720b2049a4,BERT (standalone),Cloud Computing & Infrastructure,Strong_Growth,0.85,0.17192788,0.0,"This role demands strong functional and technical knowledge of various IBP modules, including Demand, Supply, Inventory, and Sales and Operations Planning (SOP), plus experience working in SAP ECC/S4 HANA. BRIEF DESCRIPTION The primary responsibilities of this role are core customer support, innovation and proactive activities and participation in a continuous learning culture.",know_d59a89abb4af,,,
BTC liquidity,1,0.75,0.75,in-2884ab8cc272fed2,LLM,Blockchain & Distributed Systems,Moderate_Growth,0.5,0.22630577,0.0,"You will be instrumental in shaping the platform's capabilities to manage BTC liquidity, ensuring Block products can support customer needs with unparalleled efficiency and simplicity.",know_71ac3dfa3731,,,
Advisory,1,0.75,0.75,in-c8b4987c770c7279,LLM,Human-AI Collaboration,Strong_Growth,0.95,0.23093523,0.0,"About SikichSikichis a global company specializing in Accounting, Advisory, and Technical professional services.",know_5da99ed2fa70,,,
Continuous Delivery,1,0.75,0.75,in-70d9729b33e91bda,LLM,Resilience & Adaptability,Strong_Growth,0.75,0.18157691,0.0,"Champion DevOps practices to enable continuous delivery and resilient, self -healing systems.",know_ae56b4646f05,,,
Amazon EventBridge,1,0.75,0.75,in-8cb2b3de05fe17bb,LLM,Advanced Communication & Collaboration,Moderate_Growth,0.4,0.13309343,0.0,"While mastery across all phases isn’t a requirement, you will have the opportunity to experience the full lifecycle, polish your skills as a consultant who delivers real value, and most importantly, share your perspective as a technical specialist to ensure the proposed solution is technically awesome, fit -for -purpose and value -adding. Qualifications ------------------ To be successful in this role, you will need to demonstrate the following: Passionate about how customers can use technology ",know_56f2a913e151,,,
P&ID drawings,1,0.75,0.75,in-b031c23a1f705f18,LLM,UX/UI & Digital Design,Moderate_Growth,0.55,0.15544257,0.0,"Day to day responsibilities will include, but are not limited to: Developing PLC programming logic and SCADA HMI graphic screens for automation of water and wastewater treatment control systems. Working closely with other team members, including electrical, I &C, process, and process mechanical team members to coordinate the project requirements. Collaborating on automation control system design, including P &ID drawings, network architecture, and control schematics. Implementing PLC and SCADA H",know_d566f7482de4,,,
VRay,1,0.852,0.852,in-aafaf175d9daeacb,BERT+LLM,Game Development & Interactive Media,Moderate_Growth,0.6,0.1337132,0.0,"What youll bring to the team: Proficiency in 3D modelling using Autodesk 3ds Max, particularly for architectural projects (environments, buildings, furniture, etc.). A good understanding of large -scene optimization techniques. Familiarity with VRay for 3ds Max. Strong organisational skills, time management, and an eagle eye for detail. Good written and spoken English communication skills. Bonus points for a general understanding of PBR principles!",know_c0fac380a19a,,,
Electronic Arts,3,0.75,0.75,in-35bde22582c02ec9,LLM,UX/UI & Digital Design,Moderate_Growth,0.55,0.36566326,0.2011147931218147,"### General Information Locations: Vancouver, British Columbia, Canada Role ID 210363 Worker Type Regular Employee Studio/Department EA Studios - SPORTS Work Model Hybrid ### Description & Requirements Electronic Arts creates next -level entertainment experiences that inspire players and fans around the world.",know_e853db5fb971,,,
information security,1,0.75,0.75,in-772237960589a143,LLM,,,,,,"Ability to train/guide more junior resources.Corporate Security Responsibility All activities involving access to Mastercard assets, information, and networks comes with an inherent risk to the organization and, therefore, it is expected that every person working for, or on behalf of, Mastercard is responsible for information security and must: Abide by Mastercard’s security policies and practices; Ensure the confidentiality and integrity of the information being accessed; Report any suspected i",know_4ec62263fb1a,,,
cylinders,1,0.85,0.85,in-12dd56b9ad69fd1c,BERT+LLM,Cloud Computing & Infrastructure,Strong_Growth,0.85,0.09540969,0.0,The assembling of large steel fabrications and associated ancillary equipment including hydraulic equipment i.e. cylinders and operation systems. About The Role What skills and qualifications do I need? HNC qualification or equivalent experience is preferred.,know_fd0c4aab3548,,,
user requirements,1,0.75,0.75,in-dd5e73322d081dbf,LLM,UX/UI & Digital Design,Moderate_Growth,0.55,0.35545626,0.1955009445548057,"Position Overview: As a Front -end Software Developer, you will design, develop, modify, test, and support user -facing software applications and systems in line with user requirements and technical specifications.",know_227baf22c7cd,,,
MRI scans,1,0.758,0.758,in-c6ef7dfd06cf5063,BERT+LLM,Database & Systems Administration,Moderate_Growth,0.5,0.11376786,0.0,"Other benefits of the Westfields package include: Up to £60 on sight tests, glasses, and contact lenses Up to £60 for dental work including check ups and routine treatment (private or NHS) Up to £50 for chiropody Up to £160 for professional therapy, including physiotherapy and acupuncture Up to £200 on specialist consultations and tests, including MRI scans and X -rays Up to £80 for health screening Retail discounts Volunteer Days We offer two paid days a year for colleagues to do voluntary work",know_44e6ecaf33ce,,,
applications,2,0.75,0.75,in-fd945c58fd3518ad,LLM,Database & Systems Administration,Moderate_Growth,0.5,0.37343773,0.1867188662290573,"This includes migrating to cloud, modernising complex applications, reducing cost to serve, developing new revenue streams, expanding into new geographies and segments, setting up for scale and driving efficiencies through consolidation of acquisitions.",know_b5fba9ff24d0,,,
"CD practices,",1,0.542,0.542,in-d21c6d79f936598b,BERT (standalone),Routine Maintenance Coding,Decline,-0.3,0.30597377,-0.0917921304702758,"We are looking for candidates with experience with cloud platform services and DevSecOps practices such as build/release management, CI/CD practices, and process automation.",know_dc198d8e1a43,,,
CMS,1,0.56,0.56,in-6f2541ed7a92797d,BERT (standalone),Database & Systems Administration,Moderate_Growth,0.5,0.324086,0.1620430052280426,"You’re equally comfortable in Figma and GitHub. You are outcome -oriented and are able to bring initiative and a self -starter attitude. You’re familiar with CMS -driven design environments and multi -brand complexity. You are passionate about your craft – you have a strong eye for hierarchy, typography, and composition, and an instinct for orchestrating these to create delightful interactions.",know_c7da501f5454,,,
criminal investigations,1,0.75,0.75,in-7d12206e33578a17,LLM,Cybersecurity,Strong_Growth,0.9,0.27494293,0.0,"To preview the Assessment Questionnaire, please click the following link: https: apply.usastaffing.gov/ViewQuestionnaire/12840510 To update your application, including supporting documentation, at any time during the announcement open period, return to your USAJOBS account (https: usajobs.gov).",know_d51719d2a44d,,,
Engagement,1,0.777,0.777,in-fbde9dda38466e73,BERT+LLM,,,,,,"Graduate Delivery Manager Work closely with stakeholders to manage scope, risks, and budgets for strategic IT projects. Contribute to initiatives spanning Technology, Education, Research, Administration, and Engagement and Dissemination. Support feature enhancements, implement change control, and assist with financial planning. 2 .",know_f034ccfdba0f,,,
Civil Engineering,2,0.7975,0.7975,in-d7f955d1258c78ff,BERT+LLM,Business Analysis & Requirements Engineering,Moderate_Growth,0.5,0.31987333,0.1599366664886474,"This role will see you working as part of our highly experienced team where you will apply your prior engineering and analytical technical skills to produce engineering solutions for a range of AECOM’s Transport and Civil Infrastructure projects, including Cairns Ring Road and other large -scale State Government projects. Be part of a close -knit Far North Queensland office while connected to a national network of engineers and designers. Opportunity to apply prior Civil Engineering project expe",know_d414a275fffe,,,
fixed-price long-term contracts,1,0.75,0.75,in-c0a534d1052ec06c,LLM,Blockchain & Distributed Systems,Moderate_Growth,0.5,0.22527543,0.0,"As a result, risk is offloaded to the customer using fixed -price long -term contracts.",know_bd6a9a073f20,,,
data insights,1,0.75,0.75,in-184a7a102cde8e55,LLM,Big Data & Analytics,Strong_Growth,0.9,0.41510805,0.3735972493886947,"Growth & Expansion Identify, qualify, and execute upsell and cross -sell opportunities across software, subscriptions, and services. Work closely with Solution Architects and Product teams to craft tailored proposals and close complex commercial opportunities. Drive expansion in underperforming regions alongside strategic partners Customer Value & Adoption Increase product adoption and value realization through tailored onboarding, enablement sessions, and adoption campaigns. Translate usage pat",know_75e5251fe4dd,,,
Shell,1,0.75,0.75,in-09c6e84249e26add,LLM,Cloud Computing & Infrastructure,Strong_Growth,0.85,0.20951292,0.0,"Your ultimate goal is to develop comprehensive governance solutions that ensure the integrity, privacy, and security of Apple's diverse data assets. Preferred Qualifications Proficiency in designing and developing custom ETL pipelines using SQL and scripting languages (Python/Shell) and workflow management tools like Airflow.",know_ea89b68c34ce,,,
Cline,1,0.75,0.75,in-68c8bc8b4022b6bd,LLM,Routine Maintenance Coding,Decline,-0.3,0.14750539,0.0,"We don’t expect you to know them all but experience or exposure with some of these (or equivalents) will set you up for success in this team; Backend: .NET, C #, or willingness to learn Frontend: React.js, Next.js, Angular.js Architecture: Deep expertise in Microservices, GraphQL (Apollo), RESTful APIs, and domain -driven design. CI/CD: GitHub Actions, Jenkins, Bitbucket Pipelines, Gitlab Runners. Cloud knowledge with AWS Containerization using docker or kubernetes GenAI Studio(Copilot/RooCode/C",know_d843bd37c245,,,
Junifer,1,0.848,0.848,in-e622db2eb160aabb,BERT+LLM,Project Management & Agile Methodologies,Moderate_Growth,0.55,0.19564056,0.0,"Salesforce, Junifer, Databricks experience.",know_bcc30363f37b,,,
Shielded Cloud Solutions,1,0.75,0.75,in-78cf01cb605e5896,LLM,Cloud Computing & Infrastructure,Strong_Growth,0.85,0.36514717,0.3103750973939895,"We've delivered outcomes on programs such as Azure Stack Hub, Azure Protected, OpenStack Protected, Secret Cloud, and major national security system uplifts and continue to play a pivotal role in evolving sovereign cloud capability. The Role We are seeking three experienced Delinea Security Engineers to support critical government programs in highly classified environments.",know_e50a31f6f3a5,,,
MuleSoft development.,1,0.494,0.494,in-94c8e798911e3470,BERT (standalone),Process Automation & RPA,Moderate_Growth,0.5,0.23521885,0.0,"PREFERRED EDUCATION: Bachelor’s degree in computer science, Engineering, or a related field. 5 + years of software development experience, with at least 3 years of hands -on MuleSoft development. Strong knowledge of MuleSoft Anypoint Platform, including Anypoint Studio, API Manager, Runtime Manager. Proficiency in RAML/OpenAPI, DataWeave (Mule Expression Language), and MUnit testing framework. Experience with RESTful APIs, JSON, XML, JMS, and message queues. Familiarity with CI/CD tools (e.g., J",know_c29a8f9aae1c,,,
Threat Alerting,1,0.807,0.807,in-9219c006480bb1ef,BERT+LLM,Cybersecurity,Strong_Growth,0.9,0.27878132,0.0,"Accountabilities: Monitoring and Analysis of Information Security Events Information Security Threat Alerting Information Security Reporting Audit, Compliance, and Oversight Services Customer Support What you will bring Certificate or degree from an accredited college or university or equivalent experience Minimum of four years experience as an Information Technology practitioner or in another I.S. related function Experience using trouble ticketing systems (e.g.",know_789065bb0604,,,
mobile free-to-play games,1,0.75,0.75,in-de8e7ba9148abafc,LLM,Game Development & Interactive Media,Moderate_Growth,0.6,0.28528932,0.0,"As a Lead Game Designer at the publishing level, you will play a critical role in shaping the creative and strategic vision for our portfolio of mobile free -to -play (F2P) mobile games.",know_6a5cd14150eb,,,
Power Automate,1,0.664,0.664,in-07a9c2a299829676,BERT+LLM,Process Automation & RPA,Moderate_Growth,0.5,0.3465787,0.173289343714714,"Expected work includes : Design & Build: Collaborate with stakeholders to gather requirements, define user stories, and map out conversational flows. Develop: Use Microsoft Copilot Studio to build, configure, and refine chatbot topics, entities, and logic. Integrate: Leverage Power Automate (Flows) to connect the Bot to backend systems, databases, and APIs (e.g., retrieving user data, creating support tickets, looking up information). Leverage AI: Implement and fine -tune generative AI capabilit",know_92a34776da4d,,,
Aarcomm’s quality standards,1,0.75,0.75,in-80aa4c8b345e347c,LLM,UX/UI & Digital Design,Moderate_Growth,0.55,0.18394406,0.0,"Test, Debug & Document Debug firmware using lab equipment and tools such as oscilloscopes, logic analyzers, multimeters, in -circuit emulators and protocol sniffers. Create and maintain detailed technical and customer -facing documentation. Participate in detailed code reviews to ensure adherence to Aarcomm’s coding and quality standards.",know_60859b428d11,,,
MasterClass,1,0.75,0.75,in-9c8a76d26db744ab,LLM,Project Management & Agile Methodologies,Moderate_Growth,0.55,0.21448958,0.0,"We need someone who can produce at the quality and engagement level of MasterClass or Apple — elevated, sophisticated, premium — while still driving direct click -through results.",know_1b5913756923,,,
SAP Process Integration (PI),1,0.803,0.803,in-57793e22513bd508,BERT+LLM,Process Automation & RPA,Moderate_Growth,0.5,0.2977836,0.0,"Strong understanding of moving customers from SAP Process Integration (PI), Process Orchestration (PO), APIs, and middleware technologies to SAP Integration Suite, Familiar with SAP’s ISA -M methodology. Data Architecture and Management: Reporting and analytics, data modeling, master data management and governance, and data quality.",know_a72d346c1149,,,
project governance,1,0.75,0.75,in-1f4ca5ad774310ff,LLM,Project Management & Agile Methodologies,Moderate_Growth,0.55,0.36051652,0.1982840850949287,"At Elior, we believe that when you love where you work, it shows.",know_43f076ebeab8,,,
Telecommunications,1,0.75,0.75,in-89712fadfea7b931,LLM,,,,,,"IP Solution Architect ========================= Date: 20 Nov 2025 Location: Macquarie Park, Australia Company: Singtel Group Please note: This role can be based in either our Sydney or Melbourne offices, and we encourage talent from both locations to apply. Optus is an Australian telecommunications company, delivering more than 11 million services to our customers every day across mobile, broadband and digital solutions.",know_ba075f9e9782,,,
Coles Technology,1,0.75,0.75,in-ac42d75212a2c6d3,LLM,Legacy Web Development,Decline,-0.4,0.2275121,0.0,"Operating as a centralised development and enablement function within Coles Technology, the team unites product, engineering, and platform capabilities to deliver the intelligence layer of the enterprise.",know_e8d024f16575,,,
Cloud Services Management,1,0.75,0.75,in-1ad9cd829d0361cc,LLM,Cloud Computing & Infrastructure,Strong_Growth,0.85,0.52189815,0.4436134278774261,"Senior Cloud Engineer Location: Hybrid, Office based or fully remote role based in New Zealand, Christchurch. Position Summary: Bentley Systems is seeking a Senior Cloud Engineer to become a valued member of the Bentley Cloud Services Management (BCSM) team.",know_42fa8f6d1ca8,,,
sustainable energy sources,1,0.75,0.75,in-3c2433bacd2dab1d,LLM,Environmental & Sustainability Technology,Moderate_Growth,0.6,0.42132857,0.2527971446514129,"We’re bridging two worlds, moving towards more sustainable energy sources, while helping to provide the energy, chemicals and resources needed now. Senior Instrumentation & Control (I &C) Engineer Denver, CO Purpose of the Role As a Senior Instrumentation & Control (I &C) Engineer , you will provide expert I &C engineering services to Worley and its customers.",know_2703448867df,,,
UX Designer,1,0.75,0.75,in-658c4fd7b83ad1d3,LLM,UX/UI & Digital Design,Moderate_Growth,0.55,0.52982605,0.2914043247699738,"This, coupled with the company's genuine care for its employees and the flexibility to work remotely, makes Absorb more than just a workplace - it's a vibrant ecosystem that nurtures your career as a UX Designer."" - Nikki Robinson, Senior Product Designer About the Role We’re looking for an Intermediate Product Designer to join our growing design team.",know_5ef836b9ccc9,,,
HTML,2,0.6535,0.6535,in-df6f85e26c061439,BERT (standalone),Legacy Web Development,Decline,-0.4,0.4242158,-0.1696863174438476,"Our multi -year vision is to build a comprehensive, single source of truth finance data platform for AWS that automates repetitive data sourcing, data validation, and reporting processes to free finance users to spend more time performing complex analyses, supporting business decisions, and telling the story.BASIC QUALIFICATIONS ------------------------ 3 + years of delivering design solutions as a UX designer or interaction designer experience Have an available online portfolio PREFERRED QUALIF",know_4c4ad5fca2e7,,,
FinTech products,1,0.75,0.75,in-df6f85e26c061439,LLM,Digital Platforms & E-commerce,Moderate_Growth,0.7,0.32723123,0.2290618598461151,"Our multi -year vision is to build a comprehensive, single source of truth finance data platform for AWS that automates repetitive data sourcing, data validation, and reporting processes to free finance users to spend more time performing complex analyses, supporting business decisions, and telling the story.BASIC QUALIFICATIONS ------------------------ 3 + years of delivering design solutions as a UX designer or interaction designer experience Have an available online portfolio PREFERRED QUALIF",know_8a9412388ee5,,,
TensorRT,1,0.847,0.847,in-6fa8aa41b2610450,BERT+LLM,AI & Machine Learning,Strong_Growth,1.0,0.1968121,0.0,"Preferred Qualifications Machine Learning Frameworks: Exposure to popular machine learning frameworks (TensorFlow, PyTorch) and their integration into MLOps processes Inference Acceleration: Familiarity with leveraging inference accelerator tools (ONNX, TensorRT, Triton) for real -time and high -throughput inference runtimes Monitoring Tools: Familiarity / experience with monitoring and logging tools (e.g., Prometheus, Grafana, or ELK Stack) for tracking model and system performance Learn More /",know_61918500e2bc,,,
