job_id,date_posted,knowledge,confidence_score,confidence_tier,source
in-8b20bbf16019e5c1,,Group Operations,0.75,Medium High,LLM
in-8b20bbf16019e5c1,,bank infrastructure,0.75,Medium High,LLM
in-08bda50c77b08f46,,human resources policies,0.75,Medium High,LLM
in-08bda50c77b08f46,,competitive wages,0.75,Medium High,LLM
in-08bda50c77b08f46,,benefits,0.75,Medium High,LLM
in-e60f7f8e30553e08,,Infrastructure as Code,0.75,Medium High,LLM
in-e60f7f8e30553e08,,Configuration scripts,0.75,Medium High,LLM
in-f8982109357c56e0,,data engineering,0.843,High,BERT+LLM
in-f8982109357c56e0,,machine learning,0.838,High,BERT+LLM
in-f8982109357c56e0,,creative experimentation,0.753,Medium High,BERT+LLM
in-ea2cd0b0c6f52f4f,,foundation models,0.75,Medium High,LLM
in-ea2cd0b0c6f52f4f,,microscopic motion of atoms,0.75,Medium High,LLM
in-ea2cd0b0c6f52f4f,,macroscopic flow of liquids,0.75,Medium High,LLM
in-ea2cd0b0c6f52f4f,,1GW data centers,0.75,Medium High,LLM
in-6e0bef22111034dc,,Water,0.75,Medium High,LLM
in-083ac975933f3cb9,,API Gateway,0.75,Medium High,LLM
in-879b2fe47e1fbc66,,EHR,0.75,Medium High,LLM
in-879b2fe47e1fbc66,,clinical workflows,0.75,Medium High,LLM
in-879b2fe47e1fbc66,,business analytics,0.75,Medium High,LLM
in-879b2fe47e1fbc66,,data analytics,0.75,Medium High,LLM
in-b743930ff16064e7,,Science,0.75,Medium High,LLM
in-b743930ff16064e7,,Engineering,0.75,Medium High,LLM
in-b743930ff16064e7,,Data analytics,0.75,Medium High,LLM
in-b743930ff16064e7,,Technology,0.75,Medium High,LLM
in-66b97dc6ae697ac9,,access management,0.75,Medium High,LLM
in-3787ada24baceced,,AI,0.844,High,BERT+LLM
in-3787ada24baceced,,Machine Learning,0.838,High,BERT+LLM
in-3787ada24baceced,,LLM,0.845,High,BERT+LLM
in-35bde22582c02ec9,,Electronic Arts,0.75,Medium High,LLM
in-dcd8dd1044f2926f,,stormwater systems,0.75,Medium High,LLM
in-dcd8dd1044f2926f,,public health,0.75,Medium High,LLM
in-dcd8dd1044f2926f,,infrastructure assets,0.75,Medium High,LLM
in-dcd8dd1044f2926f,,environment,0.75,Medium High,LLM
in-dcd8dd1044f2926f,,stormwater management,0.701,Medium High,BERT+LLM
in-dcd8dd1044f2926f,,watershed planning,0.75,Medium High,LLM
in-04d821a61bf4f3f8,,AWS Global Services,0.75,Medium High,LLM
in-04d821a61bf4f3f8,,Cloud environments,0.75,Medium High,LLM
in-6434f75ccfa896cd,,Enterprise Systems,0.75,Medium High,LLM
in-6434f75ccfa896cd,,ERP,0.75,Medium High,LLM
in-6434f75ccfa896cd,,integrated applications,0.75,Medium High,LLM
in-6434f75ccfa896cd,,business operations,0.75,Medium High,LLM
in-59f89f855608fde0,,Databricks,0.75,Medium High,LLM
in-59f89f855608fde0,,Spark,0.75,Medium High,LLM
in-59f89f855608fde0,,Kafka,0.75,Medium High,LLM
in-59f89f855608fde0,,Airflow,0.75,Medium High,LLM
in-59f89f855608fde0,,Temporal,0.75,Medium High,LLM
in-59f89f855608fde0,,dbt,0.75,Medium High,LLM
in-59f89f855608fde0,,Terraform,0.75,Medium High,LLM
in-59f89f855608fde0,,AWS S3,0.75,Medium High,LLM
in-59f89f855608fde0,,AWS EKS,0.75,Medium High,LLM
in-59f89f855608fde0,,AWS MSK,0.75,Medium High,LLM
in-59f89f855608fde0,,AWS DMS,0.75,Medium High,LLM
in-59f89f855608fde0,,AWS Glue,0.75,Medium High,LLM
in-59f89f855608fde0,,data engineering concepts,0.75,Medium High,LLM
in-59f89f855608fde0,,machine learning lifecycle,0.75,Medium High,LLM
in-59f89f855608fde0,,MLOps,0.75,Medium High,LLM
in-59f89f855608fde0,,GenAI,0.75,Medium High,LLM
in-7f1b7715acb11a2e,,Nerdio,0.75,Medium High,LLM
in-7f1b7715acb11a2e,,multi-tenant technology,0.75,Medium High,LLM
in-7f1b7715acb11a2e,,workflow-powered technology,0.75,Medium High,LLM
in-7f1b7715acb11a2e,,cloud environments,0.75,Medium High,LLM
in-4253237d507304c7,,Trainium,0.75,Medium High,LLM
in-4253237d507304c7,,ML training performance,0.75,Medium High,LLM
in-4253237d507304c7,,teraflops,0.75,Medium High,LLM
in-4253237d507304c7,,TFLOPS,0.75,Medium High,LLM
in-4253237d507304c7,,compute power,0.75,Medium High,LLM
in-4253237d507304c7,,ML in the cloud,0.75,Medium High,LLM
in-2ea46d88545e7e84,,client files,0.75,Medium High,LLM
in-2ea46d88545e7e84,,VML management system,0.75,Medium High,LLM
in-2ea46d88545e7e84,,Pegasus,0.75,Medium High,LLM
in-81cfe369e4ad49b5,,Global Medical Assistance,0.75,Medium High,LLM
in-81cfe369e4ad49b5,,Security Assistance,0.75,Medium High,LLM
in-81cfe369e4ad49b5,,Travel Assistance,0.75,Medium High,LLM
in-81cfe369e4ad49b5,,Workplace Ergonomics Program,0.75,Medium High,LLM
in-3f1f20262049095a,,AI solutions,0.75,Medium High,LLM
in-bf0e9f6211607d23,,Design systems,0.75,Medium High,LLM
in-bf0e9f6211607d23,,Emerging technologies,0.75,Medium High,LLM
in-bf0e9f6211607d23,,User experiences,0.75,Medium High,LLM
in-ff31808feab0524e,,business model,0.75,Medium High,LLM
in-ff31808feab0524e,,transformation program,0.75,Medium High,LLM
in-3eb6babc74e5b1cc,,Nursing,0.75,Medium High,LLM
in-f0b8e867898d9fc7,,change management,0.847,High,BERT+LLM
in-f0b8e867898d9fc7,,business process optimization,0.845,High,BERT+LLM
in-819016745fbf8e52,,Product Owner,0.75,Medium High,LLM
in-819016745fbf8e52,,engineering teams,0.75,Medium High,LLM
in-819016745fbf8e52,,new features,0.75,Medium High,LLM
in-819016745fbf8e52,,system components,0.75,Medium High,LLM
in-b0e3d6930bef9118,,Creative,0.75,Medium High,LLM
in-b0e3d6930bef9118,,Project Management,0.75,Medium High,LLM
in-b0e3d6930bef9118,,Print Production,0.75,Medium High,LLM
in-b0e3d6930bef9118,,Editorial,0.75,Medium High,LLM
in-b0e3d6930bef9118,,Account Services,0.75,Medium High,LLM
in-68c8bc8b4022b6bd,,.NET,0.847,High,BERT+LLM
in-68c8bc8b4022b6bd,,C#,0.75,Medium High,LLM
in-68c8bc8b4022b6bd,,React.js,0.838,High,BERT+LLM
in-68c8bc8b4022b6bd,,Next.js,0.85,High,BERT+LLM
in-68c8bc8b4022b6bd,,Angular.js,0.851,High,BERT+LLM
in-68c8bc8b4022b6bd,,Microservices,0.85,High,BERT+LLM
in-68c8bc8b4022b6bd,,GraphQL (Apollo),0.797,Medium High,BERT+LLM
in-68c8bc8b4022b6bd,,RESTful APIs,0.85,High,BERT+LLM
in-68c8bc8b4022b6bd,,Domain-driven design,0.75,Medium High,LLM
in-68c8bc8b4022b6bd,,CI/CD,0.75,Medium High,LLM
in-68c8bc8b4022b6bd,,GitHub Actions,0.75,Medium High,LLM
in-68c8bc8b4022b6bd,,Jenkins,0.849,High,BERT+LLM
in-68c8bc8b4022b6bd,,Bitbucket Pipelines,0.75,Medium High,LLM
in-68c8bc8b4022b6bd,,Gitlab Runners,0.75,Medium High,LLM
in-68c8bc8b4022b6bd,,Cloud,0.782,Medium High,BERT+LLM
in-68c8bc8b4022b6bd,,AWS,0.75,Medium High,LLM
in-68c8bc8b4022b6bd,,Docker,0.75,Medium High,LLM
in-68c8bc8b4022b6bd,,Kubernetes,0.75,Medium High,LLM
in-68c8bc8b4022b6bd,,GenAI Studio,0.75,Medium High,LLM
in-68c8bc8b4022b6bd,,Copilot,0.75,Medium High,LLM
in-68c8bc8b4022b6bd,,RooCode,0.75,Medium High,LLM
in-68c8bc8b4022b6bd,,Cline,0.75,Medium High,LLM
in-68c8bc8b4022b6bd,,C,0.559,Medium Low,BERT (standalone)
in-68c8bc8b4022b6bd,,"#,",0.55,Medium Low,BERT (standalone)
in-68c8bc8b4022b6bd,,Architecture:,0.39,Very Low,BERT (standalone)
in-68c8bc8b4022b6bd,,domain,0.56,Medium Low,BERT (standalone)
in-68c8bc8b4022b6bd,,-driven design.,0.556,Medium Low,BERT (standalone)
in-68c8bc8b4022b6bd,,CI,0.558,Medium Low,BERT (standalone)
in-68c8bc8b4022b6bd,,/,0.558,Medium Low,BERT (standalone)
in-68c8bc8b4022b6bd,,CD:,0.553,Medium Low,BERT (standalone)
in-68c8bc8b4022b6bd,,GitHub,0.552,Medium Low,BERT (standalone)
in-68c8bc8b4022b6bd,,"Actions,",0.508,Medium Low,BERT (standalone)
in-68c8bc8b4022b6bd,,Bitbucket,0.56,Medium Low,BERT (standalone)
in-68c8bc8b4022b6bd,,"Pipelines,",0.545,Medium Low,BERT (standalone)
in-68c8bc8b4022b6bd,,Gitlab,0.56,Medium Low,BERT (standalone)
in-68c8bc8b4022b6bd,,Runners.,0.292,Very Low,BERT (standalone)
in-b59719e8c96312ce,,Wilmar Careers,0.75,Medium High,LLM
in-9068e588b7dc4f2d,,AI Infrastructure,0.75,Medium High,LLM
in-9068e588b7dc4f2d,,portfolio management,0.75,Medium High,LLM
in-9068e588b7dc4f2d,,analytics platform,0.75,Medium High,LLM
in-9068e588b7dc4f2d,,institutional investors,0.75,Medium High,LLM
in-9068e588b7dc4f2d,,global markets,0.75,Medium High,LLM
in-6d6cab98b74e874f,,Consumer Banking,0.75,Medium High,LLM
in-ea5fe0c67dbb09a7,,Java,0.847,High,BERT+LLM
in-ea5fe0c67dbb09a7,,Spring Boot,0.847,High,BERT+LLM
in-ea5fe0c67dbb09a7,,JavaScript,0.844,High,BERT+LLM
in-ea5fe0c67dbb09a7,,ReactJS,0.852,High,BERT+LLM
in-ea5fe0c67dbb09a7,,Node.js,0.845,High,BERT+LLM
in-ea5fe0c67dbb09a7,,REST,0.687,Medium,BERT+LLM
in-ea5fe0c67dbb09a7,,HTML5,0.75,Medium High,LLM
in-ea5fe0c67dbb09a7,,CSS3,0.848,High,BERT+LLM
in-ea5fe0c67dbb09a7,,JSON,0.847,High,BERT+LLM
in-ea5fe0c67dbb09a7,,jQuery,0.844,High,BERT+LLM
in-ea5fe0c67dbb09a7,,Kafka,0.75,Medium High,LLM
in-ea5fe0c67dbb09a7,,Oracle,0.75,Medium High,LLM
in-ea5fe0c67dbb09a7,,MySQL,0.75,Medium High,LLM
in-ea5fe0c67dbb09a7,,MongoDB,0.75,Medium High,LLM
in-ea5fe0c67dbb09a7,,SQL Server,0.75,Medium High,LLM
in-ea5fe0c67dbb09a7,,Nginx,0.75,Medium High,LLM
in-ea5fe0c67dbb09a7,,Apache,0.75,Medium High,LLM
in-ea5fe0c67dbb09a7,,UI/UX design,0.75,Medium High,LLM
in-ea5fe0c67dbb09a7,,Docker,0.75,Medium High,LLM
in-ea5fe0c67dbb09a7,,Kubernetes,0.75,Medium High,LLM
in-ea5fe0c67dbb09a7,,JIRA,0.75,Medium High,LLM
in-ea5fe0c67dbb09a7,,CI/CD,0.75,Medium High,LLM
in-ea5fe0c67dbb09a7,,Bachelor’s degree,0.554,Medium Low,BERT (standalone)
in-ea5fe0c67dbb09a7,,computer science,0.455,Low,BERT (standalone)
in-ea5fe0c67dbb09a7,,back,0.56,Medium Low,BERT (standalone)
in-ea5fe0c67dbb09a7,,-end,0.559,Medium Low,BERT (standalone)
in-ea5fe0c67dbb09a7,,JavaScript frameworks,0.496,Low,BERT (standalone)
in-ea5fe0c67dbb09a7,,front,0.558,Medium Low,BERT (standalone)
in-ea5fe0c67dbb09a7,,-end languages,0.454,Low,BERT (standalone)
in-ea5fe0c67dbb09a7,,/,0.312,Very Low,BERT (standalone)
in-5bd95884fcfdbfe2,,Azure,0.644,Medium,BERT+LLM
in-5bd95884fcfdbfe2,,networking,0.842,High,BERT+LLM
in-5bd95884fcfdbfe2,,distributed systems,0.848,High,BERT+LLM
in-5bd95884fcfdbfe2,,database platforms,0.75,Medium High,LLM
in-5bd95884fcfdbfe2,,hybrid database platforms,0.75,Medium High,LLM
in-202d174576a6328b,,autonomous systems,0.75,Medium High,LLM
in-070ac45a5adefcb1,,OTT video,0.75,Medium High,LLM
in-8cb2b3de05fe17bb,,Cloud platforms,0.75,Medium High,LLM
in-8cb2b3de05fe17bb,,Container platforms,0.75,Medium High,LLM
in-8cb2b3de05fe17bb,,Cloud middleware,0.75,Medium High,LLM
in-8cb2b3de05fe17bb,,PaaS,0.75,Medium High,LLM
in-8cb2b3de05fe17bb,,Azure Service Bus,0.75,Medium High,LLM
in-8cb2b3de05fe17bb,,Amazon EventBridge,0.75,Medium High,LLM
in-8cb2b3de05fe17bb,,"full lifecycle,",0.522,Medium Low,BERT (standalone)
in-3d91d1f91a2e35ff,,radical innovation,0.75,Medium High,LLM
in-3d91d1f91a2e35ff,,automation advances,0.75,Medium High,LLM
in-2f43fa6cbbb72894,,Visual Arts,0.75,Medium High,LLM
in-2f43fa6cbbb72894,,Sketch School,0.75,Medium High,LLM
in-2f43fa6cbbb72894,,Peanuts Celebration,0.75,Medium High,LLM
in-5b8b8b6b495946f5,,EPR project,0.75,Medium High,LLM
in-1e8d401875ab7ace,,Java,0.852,High,BERT+LLM
in-1e8d401875ab7ace,,Spring Boot,0.845,High,BERT+LLM
in-1e8d401875ab7ace,,React.js,0.849,High,BERT+LLM
in-1e8d401875ab7ace,,Vue.js,0.851,High,BERT+LLM
in-1e8d401875ab7ace,,Next.js,0.85,High,BERT+LLM
in-1e8d401875ab7ace,,Angular,0.842,High,BERT+LLM
in-1e8d401875ab7ace,,modern frontend engineering,0.519,Medium Low,BERT (standalone)
in-1298c0a075adfe4e,,insights,0.75,Medium High,LLM
in-1298c0a075adfe4e,,innovation,0.75,Medium High,LLM
in-8335c5296046dc27,,machine learning,0.838,High,BERT+LLM
in-8335c5296046dc27,,NLP,0.75,Medium High,LLM
in-8335c5296046dc27,,data annotation,0.558,Medium Low,BERT (standalone)
in-8335c5296046dc27,,content moderation.,0.558,Medium Low,BERT (standalone)
in-8335c5296046dc27,,NLP -related,0.464,Low,BERT (standalone)
in-8335c5296046dc27,,/,0.507,Medium Low,BERT (standalone)
in-8335c5296046dc27,,SQL,0.558,Medium Low,BERT (standalone)
in-59102c073373b270,,Rail Systems,0.75,Medium High,LLM
in-59102c073373b270,,Rail Civils,0.75,Medium High,LLM
in-59102c073373b270,,Rail Transport Authority,0.75,Medium High,LLM
in-792c7c65733a1995,,GDPR,0.75,Medium High,LLM
in-792c7c65733a1995,,Data Protection Act 2018,0.75,Medium High,LLM
in-792c7c65733a1995,,PECR,0.75,Medium High,LLM
in-2650e0f960a33a06,,Cybersecurity,0.75,Medium High,LLM
in-2650e0f960a33a06,,Cyber solutions,0.75,Medium High,LLM
in-2650e0f960a33a06,,Business resilience,0.75,Medium High,LLM
in-2650e0f960a33a06,,Cybersecurity programs,0.75,Medium High,LLM
in-2650e0f960a33a06,,Cybersecurity risk,0.75,Medium High,LLM
in-2650e0f960a33a06,,Security program maturity,0.75,Medium High,LLM
in-2650e0f960a33a06,,Cyber controls,0.75,Medium High,LLM
in-2650e0f960a33a06,,Cyber policies,0.75,Medium High,LLM
in-2650e0f960a33a06,,Regulations,0.75,Medium High,LLM
in-2650e0f960a33a06,,Cyber control processes,0.75,Medium High,LLM
in-2650e0f960a33a06,,Cyber risk management,0.75,Medium High,LLM
in-2650e0f960a33a06,,Operational Technology,0.75,Medium High,LLM
in-2650e0f960a33a06,,Critical information infrastructures,0.75,Medium High,LLM
in-12365ed7bd9554c7,,digital models,0.75,Medium High,LLM
in-12365ed7bd9554c7,,workflows,0.75,Medium High,LLM
in-12365ed7bd9554c7,,architectural aluminum systems,0.75,Medium High,LLM
in-12365ed7bd9554c7,,glass systems,0.75,Medium High,LLM
in-1d1c0634c3f84857,,www.cplg.com,0.75,Medium High,LLM
in-9816de77297ab668,,apparel,0.75,Medium High,LLM
in-9816de77297ab668,,accessories,0.75,Medium High,LLM
in-9816de77297ab668,,brand identity,0.75,Medium High,LLM
in-9816de77297ab668,,product pillars,0.75,Medium High,LLM
in-9816de77297ab668,,seasonal stories,0.75,Medium High,LLM
in-97ca47c5f555e42a,,Insurance domain concepts,0.835,High,BERT+LLM
in-97ca47c5f555e42a,,Specialized Insurance,0.847,High,BERT+LLM
in-97ca47c5f555e42a,,London Market,0.846,High,BERT+LLM
in-97ca47c5f555e42a,,Regulatory Data,0.845,High,BERT+LLM
in-97ca47c5f555e42a,,enterprise data models,0.75,Medium High,LLM
in-97ca47c5f555e42a,,scalable analytics solutions,0.75,Medium High,LLM
in-97ca47c5f555e42a,,high-performance analytics solutions,0.75,Medium High,LLM
in-97ca47c5f555e42a,,reporting solutions,0.75,Medium High,LLM
in-b708da2b33f5c59c,,Python,0.75,Medium High,LLM
in-b708da2b33f5c59c,,AWS,0.75,Medium High,LLM
in-b708da2b33f5c59c,,Flask,0.75,Medium High,LLM
in-b708da2b33f5c59c,,Pytest,0.75,Medium High,LLM
in-b708da2b33f5c59c,,Mypy,0.75,Medium High,LLM
in-b708da2b33f5c59c,,Docker,0.75,Medium High,LLM
in-b708da2b33f5c59c,,PostgreSQL,0.75,Medium High,LLM
in-b708da2b33f5c59c,,SQS,0.75,Medium High,LLM
in-b708da2b33f5c59c,,S3,0.793,Medium High,BERT+LLM
in-b708da2b33f5c59c,,Terraform,0.75,Medium High,LLM
in-57793e22513bd508,,SAP Process Integration (PI),0.803,High,BERT+LLM
in-57793e22513bd508,,Process Orchestration (PO),0.838,High,BERT+LLM
in-57793e22513bd508,,APIs,0.824,High,BERT+LLM
in-57793e22513bd508,,middleware technologies,0.825,High,BERT+LLM
in-57793e22513bd508,,SAP Integration Suite,0.832,High,BERT+LLM
in-57793e22513bd508,,SAP ISA-M methodology,0.75,Medium High,LLM
in-57793e22513bd508,,Data Architecture and Management,0.806,High,BERT+LLM
in-57793e22513bd508,,Reporting and analytics,0.824,High,BERT+LLM
in-57793e22513bd508,,data modeling,0.845,High,BERT+LLM
in-57793e22513bd508,,master data management and governance,0.849,High,BERT+LLM
in-57793e22513bd508,,data quality,0.844,High,BERT+LLM
in-57793e22513bd508,,SAP’s,0.543,Medium Low,BERT (standalone)
in-57793e22513bd508,,ISA,0.549,Medium Low,BERT (standalone)
in-57793e22513bd508,,-M methodology.,0.462,Low,BERT (standalone)
in-1c5a5a5c1628040b,,SQL database administration,0.85,High,BERT+LLM
in-b99d92a34ea0a07c,,Employee assistance program,0.75,Medium High,LLM
in-8e8358720b2049a4,,IBP,0.846,High,BERT+LLM
in-8e8358720b2049a4,,Demand,0.848,High,BERT+LLM
in-8e8358720b2049a4,,Supply,0.674,Medium,BERT+LLM
in-8e8358720b2049a4,,Inventory,0.634,Medium,BERT+LLM
in-8e8358720b2049a4,,Sales and Operations Planning,0.847,High,BERT+LLM
in-8e8358720b2049a4,,SAP ECC,0.75,Medium High,LLM
in-8e8358720b2049a4,,SAP S4 HANA,0.75,Medium High,LLM
in-8e8358720b2049a4,,SAP,0.559,Medium Low,BERT (standalone)
in-8e8358720b2049a4,,ECC,0.524,Medium Low,BERT (standalone)
in-8e8358720b2049a4,,/,0.502,Medium Low,BERT (standalone)
in-8e8358720b2049a4,,S4,0.485,Low,BERT (standalone)
in-8e8358720b2049a4,,HANA.,0.417,Low,BERT (standalone)
in-8e8358720b2049a4,,"customer support,",0.324,Very Low,BERT (standalone)
in-731fc34f48c31ddd,,AI,0.75,Medium High,LLM
in-731fc34f48c31ddd,,digital learning platform,0.75,Medium High,LLM
in-ed7c0956d23b6e08,,cloud-computing,0.75,Medium High,LLM
in-ed7c0956d23b6e08,,Machine Learning,0.828,High,BERT+LLM
in-ed7c0956d23b6e08,,SAAS solution,0.75,Medium High,LLM
in-ed7c0956d23b6e08,,cloud,0.559,Medium Low,BERT (standalone)
in-ed7c0956d23b6e08,,-computing,0.521,Medium Low,BERT (standalone)
in-b608315da704076b,,API-first architecture,0.75,Medium High,LLM
in-b608315da704076b,,scientific software development,0.848,High,BERT+LLM
in-b608315da704076b,,Python,0.845,High,BERT+LLM
in-b608315da704076b,,C++,0.75,Medium High,LLM
in-b608315da704076b,,CUDA,0.851,High,BERT+LLM
in-b608315da704076b,,cheminformatics toolkits,0.802,High,BERT+LLM
in-b608315da704076b,,API,0.506,Medium Low,BERT (standalone)
in-b608315da704076b,,-first,0.544,Medium Low,BERT (standalone)
in-b608315da704076b,,C,0.559,Medium Low,BERT (standalone)
in-b608315da704076b,,+,0.546,Medium Low,BERT (standalone)
in-b608315da704076b,,"+,",0.556,Medium Low,BERT (standalone)
in-82c62095c56a09f5,,Elastic Stack,0.849,High,BERT+LLM
in-82c62095c56a09f5,,GCP,0.844,High,BERT+LLM
in-82c62095c56a09f5,,modern automation tooling,0.843,High,BERT+LLM
in-54f7e34be407fc22,,web experiences,0.75,Medium High,LLM
in-d5c2072747d98126,,AI image generation technologies,0.75,Medium High,LLM
in-d5c2072747d98126,,video generation technologies,0.75,Medium High,LLM
in-d5c2072747d98126,,production expertise,0.75,Medium High,LLM
in-4e2c7333fb3867a6,,SQL server,0.828,High,BERT+LLM
in-4e2c7333fb3867a6,,cloud database services,0.817,High,BERT+LLM
in-b5334b461893d9f6,,Defense Acquisition Workforce Improvement Act (DAWIA),0.75,Medium High,LLM
in-4dd4be4468b8f8b5,,HR,0.81,High,BERT+LLM
in-4dd4be4468b8f8b5,,Sustainability,0.674,Medium,BERT+LLM
in-4dd4be4468b8f8b5,,contract,0.715,Medium High,BERT+LLM
in-4dd4be4468b8f8b5,,supplier performance data,0.75,Medium High,LLM
in-4dd4be4468b8f8b5,,dashboard reports,0.75,Medium High,LLM
in-4dd4be4468b8f8b5,,contract delivery data,0.75,Medium High,LLM
in-4dd4be4468b8f8b5,,contract compliance,0.75,Medium High,LLM
in-4dd4be4468b8f8b5,,budget reviews,0.75,Medium High,LLM
in-4dd4be4468b8f8b5,,strategic reviews,0.75,Medium High,LLM
in-4dd4be4468b8f8b5,,trends,0.75,Medium High,LLM
in-4dd4be4468b8f8b5,,Power BI,0.775,Medium High,BERT+LLM
in-4dd4be4468b8f8b5,,monthly performance reports,0.75,Medium High,LLM
in-4dd4be4468b8f8b5,,quarterly performance reports,0.75,Medium High,LLM
in-4dd4be4468b8f8b5,,HR KPIs,0.795,Medium High,BERT+LLM
in-4dd4be4468b8f8b5,,engagement,0.819,High,BERT+LLM
in-4dd4be4468b8f8b5,,turnover,0.817,High,BERT+LLM
in-4dd4be4468b8f8b5,,absence,0.707,Medium High,BERT+LLM
in-4dd4be4468b8f8b5,,ESG metrics,0.788,Medium High,BERT+LLM
in-036c776371efd2b7,,AI techniques,0.75,Medium High,LLM
in-fc00c70672996923,,API testing,0.851,High,BERT+LLM
in-fc00c70672996923,,data services,0.841,High,BERT+LLM
in-3974672cef9dd264,,User experience,0.75,Medium High,LLM
in-3974672cef9dd264,,Product requirements,0.75,Medium High,LLM
in-beb1a85439fc3710,,401K,0.75,Medium High,LLM
in-beb1a85439fc3710,,Paid Time Off,0.75,Medium High,LLM
in-beb1a85439fc3710,,Paid Parental Leave,0.75,Medium High,LLM
in-beb1a85439fc3710,,MLB.TV,0.75,Medium High,LLM
in-beb1a85439fc3710,,Employee Assistance Programs (EAP),0.75,Medium High,LLM
in-beb1a85439fc3710,,Tuition Reimbursement,0.75,Medium High,LLM
in-beb1a85439fc3710,,Disability Benefits,0.75,Medium High,LLM
in-beb1a85439fc3710,,Life Insurance,0.75,Medium High,LLM
in-beb1a85439fc3710,,Accidental Death Insurance,0.75,Medium High,LLM
in-beb1a85439fc3710,,Pet Insurance,0.75,Medium High,LLM
in-15fc9d5bf30a4f52,,criminal proceedings,0.75,Medium High,LLM
in-78cf01cb605e5896,,Delinea,0.509,Medium Low,BERT (standalone)
in-78cf01cb605e5896,,Thycotic,0.416,Low,BERT (standalone)
in-78cf01cb605e5896,,PAM,0.263,Very Low,BERT (standalone)
in-78cf01cb605e5896,,identity systems,0.254,Very Low,BERT (standalone)
in-78cf01cb605e5896,,"AD,",0.559,Medium Low,BERT (standalone)
in-78cf01cb605e5896,,Azure AD),0.465,Low,BERT (standalone)
in-1f4ca5ad774310ff,,project governance,0.75,Medium High,LLM
in-1f4ca5ad774310ff,,financial control,0.75,Medium High,LLM
in-1f4ca5ad774310ff,,reporting,0.75,Medium High,LLM
in-1f4ca5ad774310ff,,technology projects,0.75,Medium High,LLM
in-b9d4aea91e3f2d0c,,Epic Ambulatory,0.75,Medium High,LLM
in-b418b4139ba55785,,Agile team,0.75,Medium High,LLM
in-e2edd8471b03019f,,QA Test,0.75,Medium High,LLM
in-e2edd8471b03019f,,Candidate Privacy Notice,0.75,Medium High,LLM
in-e2edd8471b03019f,,data protection rights,0.75,Medium High,LLM
in-fa78458f9443eaa7,,database applications,0.851,High,BERT+LLM
in-fa78458f9443eaa7,,web-based systems,0.762,Medium High,BERT+LLM
in-752b949d027be167,,online booking,0.75,Medium High,LLM
in-752b949d027be167,,scheduling,0.75,Medium High,LLM
in-752b949d027be167,,client marketing,0.75,Medium High,LLM
in-752b949d027be167,,staff management,0.75,Medium High,LLM
in-752b949d027be167,,point of sale,0.75,Medium High,LLM
in-752b949d027be167,,payments,0.75,Medium High,LLM
in-752b949d027be167,,inventory,0.75,Medium High,LLM
in-752b949d027be167,,analytics,0.75,Medium High,LLM
in-4256252b53fa4d02,,data analysis best practices,0.75,Medium High,LLM
in-4256252b53fa4d02,,data visualization best practices,0.819,High,BERT+LLM
in-d7de06cb3625cd66,,Service Management,0.75,Medium High,LLM
in-0c8b9a27ece5aea6,,Software Engineering,0.75,Medium High,LLM
in-33451d1313ab6342,,cybersecurity solutions,0.75,Medium High,LLM
in-05083d32f3b2c12f,,aviation industry,0.75,Medium High,LLM
in-554dc0d2bef78a4c,,high-frequency trading (HFT) systems,0.823,High,BERT+LLM
in-554dc0d2bef78a4c,,algorithmic trading strategies,0.849,High,BERT+LLM
in-554dc0d2bef78a4c,,traditional finance,0.75,Medium High,LLM
in-554dc0d2bef78a4c,,market structures,0.849,High,BERT+LLM
in-554dc0d2bef78a4c,,derivatives,0.679,Medium,BERT+LLM
in-554dc0d2bef78a4c,,risk management,0.827,High,BERT+LLM
in-554dc0d2bef78a4c,,high,0.559,Medium Low,BERT (standalone)
in-554dc0d2bef78a4c,,traditional,0.533,Medium Low,BERT (standalone)
in-554dc0d2bef78a4c,,finance,0.453,Low,BERT (standalone)
in-f9819a980c1976e8,,PHP,0.75,Medium High,LLM
in-f9819a980c1976e8,,Python,0.75,Medium High,LLM
in-f9819a980c1976e8,,payment solutions,0.75,Medium High,LLM
in-f9819a980c1976e8,,Enterprise Workflows,0.75,Medium High,LLM
in-46527b145958f44b,,Financial transactions,0.75,Medium High,LLM
in-46527b145958f44b,,Month-end closings,0.75,Medium High,LLM
in-46527b145958f44b,,Year-end closings,0.75,Medium High,LLM
in-46527b145958f44b,,Accounting operations,0.75,Medium High,LLM
in-46527b145958f44b,,Internal controls,0.75,Medium High,LLM
in-46527b145958f44b,,Policies,0.75,Medium High,LLM
in-d7f955d1258c78ff,,Transport,0.812,High,BERT+LLM
in-d7f955d1258c78ff,,Ring Road,0.719,Medium High,BERT+LLM
in-d7f955d1258c78ff,,State Government,0.755,Medium High,BERT+LLM
in-d7f955d1258c78ff,,Civil Infrastructure projects,0.75,Medium High,LLM
in-d7f955d1258c78ff,,Cairns Ring Road,0.75,Medium High,LLM
in-d7f955d1258c78ff,,Transport Planning,0.847,High,BERT+LLM
in-d7f955d1258c78ff,,Civil Engineering,0.55,Medium Low,BERT (standalone)
in-21d24d42a7df10cd,,LEGO games franchise,0.75,Medium High,LLM
in-208b2e5025df647a,,Machine learning,0.761,Medium High,BERT+LLM
in-208b2e5025df647a,,Real-time large-scale systems,0.75,Medium High,LLM
in-04b0497aa91e1731,,AI,0.813,High,BERT+LLM
in-04b0497aa91e1731,,quantum information science,0.75,Medium High,LLM
in-04b0497aa91e1731,,theoretical physics,0.75,Medium High,LLM
in-04b0497aa91e1731,,mathematical foundations,0.75,Medium High,LLM
in-04b0497aa91e1731,,physical foundations,0.75,Medium High,LLM
in-04b0497aa91e1731,,AI and theoretical physics;,0.535,Medium Low,BERT (standalone)
in-c8b5d048476a93d0,,wellbeing insights platform,0.75,Medium High,LLM
in-90b42c07ae279875,,engineering analysis,0.843,High,BERT+LLM
in-90b42c07ae279875,,construction inspection,0.847,High,BERT+LLM
in-90b42c07ae279875,,material testing,0.843,High,BERT+LLM
in-90b42c07ae279875,,contract administration,0.847,High,BERT+LLM
in-90b42c07ae279875,,construction engineering,0.846,High,BERT+LLM
in-c5e271e8acbb4617,,Remedial industry,0.75,Medium High,LLM
in-c5e271e8acbb4617,,Hospitality industry,0.75,Medium High,LLM
in-49c600e867b28fcc,,financial instruments,0.699,Medium,BERT+LLM
in-49c600e867b28fcc,,private equity investments,0.834,High,BERT+LLM
in-49c600e867b28fcc,,credit modelling,0.829,High,BERT+LLM
in-49c600e867b28fcc,,treasury services,0.75,Medium High,LLM
in-b7a2468228c54cc1,,Paid Search campaigns,0.75,Medium High,LLM
in-b7a2468228c54cc1,,agency values,0.75,Medium High,LLM
in-195c25519bd7260c,,SQL,0.846,High,BERT+LLM
in-195c25519bd7260c,,PowerBI,0.849,High,BERT+LLM
in-195c25519bd7260c,,Python,0.845,High,BERT+LLM
in-195c25519bd7260c,,AWS tools,0.843,High,BERT+LLM
in-195c25519bd7260c,,Enterprise Data Platform,0.847,High,BERT+LLM
in-acb2a7db662d2b2b,,software engineering practices,0.75,Medium High,LLM
in-acb2a7db662d2b2b,,version control,0.75,Medium High,LLM
in-acb2a7db662d2b2b,,testing,0.75,Medium High,LLM
in-acb2a7db662d2b2b,,CI/CD,0.75,Medium High,LLM
in-acb2a7db662d2b2b,,software engineering,0.538,Medium Low,BERT (standalone)
in-acb2a7db662d2b2b,,"testing,",0.558,Medium Low,BERT (standalone)
in-acb2a7db662d2b2b,,CI,0.556,Medium Low,BERT (standalone)
in-acb2a7db662d2b2b,,/,0.525,Medium Low,BERT (standalone)
in-acb2a7db662d2b2b,,CD).,0.533,Medium Low,BERT (standalone)
in-b623fdf7e964fd6d,,applications commerciales,0.75,Medium High,LLM
in-b623fdf7e964fd6d,,Développement d’applications d’entreprise,0.75,Medium High,LLM
in-3902e97b79f7d2cf,,Financial Planning & Analysis,0.75,Medium High,LLM
in-fa78458f9443eaa7,,DTS Helpdesk system,0.75,Medium High,LLM
in-b512302fe3907f2d,,office,0.75,Medium High,LLM
in-b512302fe3907f2d,,industrial,0.75,Medium High,LLM
in-b512302fe3907f2d,,retail,0.75,Medium High,LLM
in-b512302fe3907f2d,,hotel,0.75,Medium High,LLM
in-4e852e4285a16380,,software development,0.817,High,BERT+LLM
in-4e852e4285a16380,,quality assurance process,0.75,Medium High,LLM
in-6482dbbaf700f094,,Operations Management,0.75,Medium High,LLM
in-f0b48fead02e6e98,,architectural drawings,0.75,Medium High,LLM
in-f0b48fead02e6e98,,acoustic products,0.75,Medium High,LLM
in-f0b48fead02e6e98,,panels,0.75,Medium High,LLM
in-f0b48fead02e6e98,,baffles,0.828,High,BERT+LLM
in-f0b48fead02e6e98,,clouds,0.695,Medium,BERT+LLM
in-f0b48fead02e6e98,,estimating software,0.75,Medium High,LLM
in-f0b48fead02e6e98,,Excel,0.848,High,BERT+LLM
in-42b55a983bf16945,,Ignition,0.75,Medium High,LLM
in-42b55a983bf16945,,FactoryTalkView,0.846,High,BERT+LLM
in-42b55a983bf16945,,IT,0.852,High,BERT+LLM
in-42b55a983bf16945,,Networking,0.85,High,BERT+LLM
in-42b55a983bf16945,,database application,0.847,High,BERT+LLM
in-42b55a983bf16945,,BHS system operations,0.844,High,BERT+LLM
in-42b55a983bf16945,,/,0.553,Medium Low,BERT (standalone)
in-5d555c25fc522941,,EY’s standard of performance,0.75,Medium High,LLM
in-57b11b81933f1ce0,,risks,0.75,Medium High,LLM
in-57b11b81933f1ce0,,controls,0.75,Medium High,LLM
in-57b11b81933f1ce0,,new processes,0.75,Medium High,LLM
in-57b11b81933f1ce0,,products,0.75,Medium High,LLM
in-57b11b81933f1ce0,,systems,0.75,Medium High,LLM
in-b6d25c92fe133ceb,,MuleSoft,0.807,High,BERT+LLM
in-b6d25c92fe133ceb,,Boomi,0.84,High,BERT+LLM
in-b6d25c92fe133ceb,,Workato,0.85,High,BERT+LLM
in-b6d25c92fe133ceb,,IBM Sterling,0.772,Medium High,BERT+LLM
in-b6d25c92fe133ceb,,messaging systems,0.835,High,BERT+LLM
in-b6d25c92fe133ceb,,AI-assisted engineering tools,0.75,Medium High,LLM
in-b6d25c92fe133ceb,,AI,0.554,Medium Low,BERT (standalone)
in-b6d25c92fe133ceb,,-assisted engineering,0.535,Medium Low,BERT (standalone)
in-042b565c84045356,,ticketing system,0.72,Medium High,BERT+LLM
in-042b565c84045356,,product knowledge,0.75,Medium High,LLM
in-042b565c84045356,,industry trends,0.75,Medium High,LLM
in-042b565c84045356,,NZ,0.521,Medium Low,BERT (standalone)
in-042b565c84045356,,Driver's License,0.466,Low,BERT (standalone)
in-290c255a99e5d600,,management reporting,0.75,Medium High,LLM
in-290c255a99e5d600,,commercial policy,0.75,Medium High,LLM
in-290c255a99e5d600,,CAPEX investments,0.75,Medium High,LLM
in-36736ae33c38a4df,,Drivers Licence,0.75,Medium High,LLM
in-36736ae33c38a4df,,Video,0.75,Medium High,LLM
in-fac0a95b0783fd9d,,STEM careers,0.75,Medium High,LLM
in-fac0a95b0783fd9d,,uncertainty and risk,0.75,Medium High,LLM
in-fac0a95b0783fd9d,,ethical AI,0.75,Medium High,LLM
in-fac0a95b0783fd9d,,sustainable AI,0.75,Medium High,LLM
in-a17d7e782cb5033c,,mobile platforms,0.75,Medium High,LLM
in-a17d7e782cb5033c,,web platforms,0.75,Medium High,LLM
in-07a9c2a299829676,,Microsoft Copilot Studio,0.75,Medium High,LLM
in-07a9c2a299829676,,Power Automate,0.664,Medium,BERT+LLM
in-07a9c2a299829676,,Flows,0.75,Medium High,LLM
in-07a9c2a299829676,,APIs,0.75,Medium High,LLM
in-07a9c2a299829676,,Generative AI,0.75,Medium High,LLM
in-07a9c2a299829676,,SharePoint,0.75,Medium High,LLM
in-07a9c2a299829676,,Microsoft,0.557,Medium Low,BERT (standalone)
in-07a9c2a299829676,,Copilot,0.556,Medium Low,BERT (standalone)
in-07a9c2a299829676,,Studio,0.295,Very Low,BERT (standalone)
in-e07c53dcbcbf3274,,data science,0.75,Medium High,LLM
in-e07c53dcbcbf3274,,optimisation,0.75,Medium High,LLM
in-e07c53dcbcbf3274,,artificial intelligence,0.75,Medium High,LLM
in-b4356c6ed1117311,,Machine learning,0.75,Medium High,LLM
in-b4356c6ed1117311,,Data,0.75,Medium High,LLM
in-5a81c5ecd1c8765b,,digital marketing,0.75,Medium High,LLM
in-5a81c5ecd1c8765b,,consumer behaviour,0.75,Medium High,LLM
in-601c49b2a52c9d10,,IT,0.75,Medium High,LLM
in-601c49b2a52c9d10,,Business analysis,0.75,Medium High,LLM
in-601c49b2a52c9d10,,Product ownership,0.75,Medium High,LLM
in-601c49b2a52c9d10,,System requirements,0.75,Medium High,LLM
in-601c49b2a52c9d10,,Software requirements,0.75,Medium High,LLM
in-601c49b2a52c9d10,,Operations,0.75,Medium High,LLM
in-3c9053efee28bcf7,,Data Science,0.75,Medium High,LLM
in-3c9053efee28bcf7,,AI,0.75,Medium High,LLM
in-3c9053efee28bcf7,,Data Analytics,0.75,Medium High,LLM
in-3c9053efee28bcf7,,Data Engineering,0.75,Medium High,LLM
in-3c9053efee28bcf7,,Data Visualization,0.75,Medium High,LLM
in-8543415ad2ef374e,,touch sensing technologies,0.844,High,BERT+LLM
in-8543415ad2ef374e,,hardware validation processes,0.851,High,BERT+LLM
in-9952e2c2c0e072ea,,SAP technologies,0.81,High,BERT+LLM
in-9952e2c2c0e072ea,,SAP,0.841,High,BERT+LLM
in-9952e2c2c0e072ea,,Technology Consulting,0.825,High,BERT+LLM
in-9952e2c2c0e072ea,,Presales,0.818,High,BERT+LLM
in-acc05f25dcb874c4,,Product Launches,0.75,Medium High,LLM
in-acc05f25dcb874c4,,GTM Strategy,0.75,Medium High,LLM
in-acc05f25dcb874c4,,Product positioning,0.75,Medium High,LLM
in-acc05f25dcb874c4,,Pricing strategies,0.75,Medium High,LLM
in-acc05f25dcb874c4,,Campaign enablement,0.75,Medium High,LLM
in-75c9b1e808efbcc2,,KDP,0.75,Medium High,LLM
in-065469823b71882f,,SAP SuccessFactors,0.75,Medium High,LLM
in-9bf4d6d9ee1e4a14,,administrative processes,0.729,Medium High,BERT+LLM
in-9bf4d6d9ee1e4a14,,activity reporting,0.746,Medium High,BERT+LLM
in-9bf4d6d9ee1e4a14,,sourcing processes,0.75,Medium High,LLM
in-c20d12035abeb595,,National High Secure Deaf Service,0.75,Medium High,LLM
in-c20d12035abeb595,,Nottingham Centre for Transgender Health,0.75,Medium High,LLM
in-98d38d97f5392aef,,Data Engineering,0.75,Medium High,LLM
in-e5a40a553d833e46,,AI Business Process,0.7,Medium High,BERT+LLM
in-e5a40a553d833e46,,Dynamics 365,0.846,High,BERT+LLM
in-e5a40a553d833e46,,Power Platform,0.85,High,BERT+LLM
in-94c8e798911e3470,,MuleSoft Anypoint Platform,0.75,Medium High,LLM
in-94c8e798911e3470,,Anypoint Studio,0.836,High,BERT+LLM
in-94c8e798911e3470,,API Manager,0.846,High,BERT+LLM
in-94c8e798911e3470,,Runtime Manager,0.843,High,BERT+LLM
in-94c8e798911e3470,,RAML,0.852,High,BERT+LLM
in-94c8e798911e3470,,OpenAPI,0.85,High,BERT+LLM
in-94c8e798911e3470,,DataWeave,0.852,High,BERT+LLM
in-94c8e798911e3470,,Mule Expression Language,0.75,Medium High,LLM
in-94c8e798911e3470,,MUnit testing framework,0.807,High,BERT+LLM
in-94c8e798911e3470,,RESTful APIs,0.85,High,BERT+LLM
in-94c8e798911e3470,,JSON,0.847,High,BERT+LLM
in-94c8e798911e3470,,XML,0.846,High,BERT+LLM
in-94c8e798911e3470,,JMS,0.849,High,BERT+LLM
in-94c8e798911e3470,,message queues,0.841,High,BERT+LLM
in-94c8e798911e3470,,CI/CD tools,0.75,Medium High,LLM
in-94c8e798911e3470,,Jenkins,0.75,Medium High,LLM
in-94c8e798911e3470,,GitLab CI,0.75,Medium High,LLM
in-94c8e798911e3470,,Git,0.75,Medium High,LLM
in-94c8e798911e3470,,deployment automation,0.75,Medium High,LLM
in-94c8e798911e3470,,security protocols,0.75,Medium High,LLM
in-94c8e798911e3470,,OAuth 2.0,0.75,Medium High,LLM
in-94c8e798911e3470,,JWT,0.75,Medium High,LLM
in-94c8e798911e3470,,TLS,0.75,Medium High,LLM
in-94c8e798911e3470,,API gateway policies,0.75,Medium High,LLM
in-94c8e798911e3470,,Bachelor’s degree,0.552,Medium Low,BERT (standalone)
in-94c8e798911e3470,,"computer science,",0.495,Low,BERT (standalone)
in-94c8e798911e3470,,"Engineering,",0.418,Low,BERT (standalone)
in-94c8e798911e3470,,software development,0.555,Medium Low,BERT (standalone)
in-94c8e798911e3470,,MuleSoft development.,0.494,Low,BERT (standalone)
in-94c8e798911e3470,,MuleSoft,0.55,Medium Low,BERT (standalone)
in-94c8e798911e3470,,"Anypoint Platform,",0.478,Low,BERT (standalone)
in-94c8e798911e3470,,/,0.547,Medium Low,BERT (standalone)
in-312ae5116abe958d,,OPR3,0.75,Medium High,LLM
in-312ae5116abe958d,,Acute Medical Ward,0.75,Medium High,LLM
in-312ae5116abe958d,,Medicine,0.75,Medium High,LLM
in-312ae5116abe958d,,ED,0.75,Medium High,LLM
in-312ae5116abe958d,,OPR Directorate,0.75,Medium High,LLM
in-312ae5116abe958d,,Health NZ Waikato,0.75,Medium High,LLM
in-cd884a98466c5d51,,NSW Child Safe Standards,0.75,Medium High,LLM
in-cd884a98466c5d51,,National Catholic Safeguarding Standards,0.75,Medium High,LLM
in-b7f6c244f45d842b,,CalWORKs eligibility status,0.75,Medium High,LLM
in-b7f6c244f45d842b,,TANF eligibility,0.75,Medium High,LLM
in-b7f6c244f45d842b,,Notice of Action,0.75,Medium High,LLM
in-4d39d1108694485c,,message brokers,0.851,High,BERT+LLM
in-4d39d1108694485c,,Kafka,0.85,High,BERT+LLM
in-4d39d1108694485c,,RabbitMQ,0.845,High,BERT+LLM
in-75321c71d3b48fdc,,Java technologies,0.846,High,BERT+LLM
in-75321c71d3b48fdc,,backend development,0.849,High,BERT+LLM
in-fe47a8774f6fee8b,,Android,0.75,Medium High,LLM
in-fe47a8774f6fee8b,,mobile applications,0.75,Medium High,LLM
in-fe47a8774f6fee8b,,drone inspection tools,0.75,Medium High,LLM
in-fe47a8774f6fee8b,,solar energy industry,0.75,Medium High,LLM
in-4f4c7c65d5d697a1,,Distribution Centre,0.75,Medium High,LLM
in-4f4c7c65d5d697a1,,merchandise plan,0.75,Medium High,LLM
in-688c9596567360d1,,AI integration,0.847,High,BERT+LLM
in-688c9596567360d1,,intelligent dashboards,0.75,Medium High,LLM
in-688c9596567360d1,,predictive risk models,0.8,High,BERT+LLM
in-688c9596567360d1,,smart automation,0.845,High,BERT+LLM
in-688c9596567360d1,,user yield strategies,0.75,Medium High,LLM
in-688c9596567360d1,,React,0.75,Medium High,LLM
in-688c9596567360d1,,TypeScript,0.842,High,BERT+LLM
in-688c9596567360d1,,Node.js,0.75,Medium High,LLM
in-688c9596567360d1,,Python,0.846,High,BERT+LLM
in-688c9596567360d1,,Go,0.75,Medium High,LLM
in-688c9596567360d1,,vault logic,0.843,High,BERT+LLM
in-688c9596567360d1,,API endpoints,0.842,High,BERT+LLM
in-688c9596567360d1,,lending protocols,0.75,Medium High,LLM
in-688c9596567360d1,,AMM protocols,0.771,Medium High,BERT+LLM
in-688c9596567360d1,,predictive analytics,0.848,High,BERT+LLM
in-688c9596567360d1,,risk signal models,0.849,High,BERT+LLM
in-688c9596567360d1,,recommender systems,0.809,High,BERT+LLM
in-688c9596567360d1,,vault strategies,0.75,Medium High,LLM
in-688c9596567360d1,,UI/UX design,0.75,Medium High,LLM
in-688c9596567360d1,,DeFi,0.75,Medium High,LLM
in-688c9596567360d1,,smart contract interactions,0.75,Medium High,LLM
in-688c9596567360d1,,vault mechanics,0.75,Medium High,LLM
in-688c9596567360d1,,chain interoperability,0.75,Medium High,LLM
in-688c9596567360d1,,CI/CD pipelines,0.75,Medium High,LLM
in-688c9596567360d1,,automated tests,0.75,Medium High,LLM
in-688c9596567360d1,,DevOps workflows,0.75,Medium High,LLM
in-688c9596567360d1,,back,0.309,Very Low,BERT (standalone)
in-688c9596567360d1,,-end,0.377,Very Low,BERT (standalone)
in-688c9596567360d1,,"Go),",0.559,Medium Low,BERT (standalone)
in-688c9596567360d1,,lending,0.555,Medium Low,BERT (standalone)
in-df4c58ba7dee56c3,,Python,0.793,Medium High,BERT+LLM
in-df4c58ba7dee56c3,,Django,0.848,High,BERT+LLM
in-df4c58ba7dee56c3,,Flask,0.852,High,BERT+LLM
in-df4c58ba7dee56c3,,FastAPI,0.841,High,BERT+LLM
in-80759602520c230d,,Team Leadership,0.75,Medium High,LLM
in-80759602520c230d,,Development,0.75,Medium High,LLM
in-80759602520c230d,,technical competency,0.75,Medium High,LLM
in-80759602520c230d,,quality,0.75,Medium High,LLM
in-80759602520c230d,,company processes,0.75,Medium High,LLM
in-80759602520c230d,,engineering practices,0.75,Medium High,LLM
in-80759602520c230d,,design practices,0.75,Medium High,LLM
in-80759602520c230d,,regulatory requirements,0.75,Medium High,LLM
in-80759602520c230d,,customer specifications,0.75,Medium High,LLM
in-80759602520c230d,,drawing and document templates,0.706,Medium High,BERT+LLM
in-80759602520c230d,,technical knowledge,0.75,Medium High,LLM
in-80759602520c230d,,legal requirements,0.75,Medium High,LLM
in-80759602520c230d,,global standards,0.75,Medium High,LLM
in-994763d7530e88b1,,port projects,0.75,Medium High,LLM
in-58476ea449693e80,,educational technology,0.75,Medium High,LLM
in-5dc0137fea6a865d,,innovation,0.75,Medium High,LLM
in-5dc0137fea6a865d,,aerospace,0.75,Medium High,LLM
in-5dc0137fea6a865d,,smart city,0.75,Medium High,LLM
in-5dc0137fea6a865d,,defence,0.75,Medium High,LLM
in-5dc0137fea6a865d,,public security,0.75,Medium High,LLM
in-9a4ed3eee44b552b,,update,0.831,High,BERT+LLM
in-9a4ed3eee44b552b,,change assistant,0.798,Medium High,BERT+LLM
in-9a4ed3eee44b552b,,PeopleSoft maintenance,0.819,High,BERT+LLM
in-9a4ed3eee44b552b,,application/Tools upgrades,0.847,High,BERT+LLM
in-9a4ed3eee44b552b,,PUM,0.819,High,BERT+LLM
in-1bb577efa30c9a9d,,Networking,0.75,Medium High,LLM
in-1bb577efa30c9a9d,,WiFi,0.849,High,BERT+LLM
in-1bb577efa30c9a9d,,Hardware,0.75,Medium High,LLM
in-68071ee351033ae8,,flip-chip BGA packages,0.75,Medium High,LLM
in-68071ee351033ae8,,ASICs,0.75,Medium High,LLM
in-68071ee351033ae8,,SerDes,0.75,Medium High,LLM
in-68071ee351033ae8,,flip,0.523,Medium Low,BERT (standalone)
in-68071ee351033ae8,,-chip,0.528,Medium Low,BERT (standalone)
in-68071ee351033ae8,,-BGA,0.376,Very Low,BERT (standalone)
in-cc29618e4e7fdc66,,Xsolla Privacy Notice,0.75,Medium High,LLM
in-731fc34f48c31ddd,,Zoom,0.75,Medium High,LLM
in-fccebe9f39e20a5c,,training solutions,0.75,Medium High,LLM
in-e20b167f7df3337c,,Sizewell C,0.75,Medium High,LLM
in-e20b167f7df3337c,,EDF Group,0.75,Medium High,LLM
in-e20b167f7df3337c,,HM Government,0.75,Medium High,LLM
in-c3d2f61b501acb8c,,ICT transformation programme,0.75,Medium High,LLM
in-c3d2f61b501acb8c,,Orbis Order Comms solution,0.75,Medium High,LLM
in-c3d2f61b501acb8c,,IPM,0.75,Medium High,LLM
in-c3d2f61b501acb8c,,Orbis ED systems,0.75,Medium High,LLM
in-fafd0a966425224e,,Neurosurgery,0.787,Medium High,BERT+LLM
in-fafd0a966425224e,,Orthopaedics,0.836,High,BERT+LLM
in-fafd0a966425224e,,Plastics,0.844,High,BERT+LLM
in-fafd0a966425224e,,Vascular,0.842,High,BERT+LLM
in-fafd0a966425224e,,Thoracics,0.846,High,BERT+LLM
in-fafd0a966425224e,,Orology,0.806,High,BERT+LLM
in-fafd0a966425224e,,ENT,0.795,Medium High,BERT+LLM
in-fafd0a966425224e,,Paediatrics,0.803,High,BERT+LLM
in-fafd0a966425224e,,General Surgery,0.735,Medium High,BERT+LLM
in-fafd0a966425224e,,HPB,0.73,Medium High,BERT+LLM
in-fafd0a966425224e,,UGI,0.75,Medium High,LLM
in-fafd0a966425224e,,Endoscopy,0.674,Medium,BERT+LLM
in-fafd0a966425224e,,Radiology Services,0.75,Medium High,LLM
in-fafd0a966425224e,,Elective Surgery Reform Unit,0.75,Medium High,LLM
in-fafd0a966425224e,,Patient Support Unit,0.75,Medium High,LLM
in-761b1a8b3aa91eb0,,protection strategies,0.75,Medium High,LLM
in-761b1a8b3aa91eb0,,protection standards,0.75,Medium High,LLM
in-761b1a8b3aa91eb0,,data classes,0.75,Medium High,LLM
in-73204c7e4e84e27c,,UX/UI design,0.75,Medium High,LLM
in-73204c7e4e84e27c,,digital product,0.75,Medium High,LLM
in-46d754a162037993,,business workflow,0.75,Medium High,LLM
in-46d754a162037993,,project plans,0.75,Medium High,LLM
in-520d9e37336f7ecd,,Employee Stock Options Plan (ESOP),0.75,Medium High,LLM
in-520d9e37336f7ecd,,Fuel50 software,0.75,Medium High,LLM
in-520d9e37336f7ecd,,Fuellie University,0.75,Medium High,LLM
in-520d9e37336f7ecd,,parental leave policy,0.75,Medium High,LLM
in-520d9e37336f7ecd,,Health Insurance,0.75,Medium High,LLM
in-520d9e37336f7ecd,,Southern Cross,0.75,Medium High,LLM
in-456c0a8c0e5eb68b,,monthly town halls,0.75,Medium High,LLM
in-456c0a8c0e5eb68b,,1:1 check-ins,0.75,Medium High,LLM
in-456c0a8c0e5eb68b,,company-wide ideas form,0.75,Medium High,LLM
in-a2bc175d8827c181,,machine economy,0.75,Medium High,LLM
in-cf284d58281847c3,,Machine learning,0.75,Medium High,LLM
in-cf284d58281847c3,,AI software solutions,0.75,Medium High,LLM
in-cf284d58281847c3,,software development,0.845,High,BERT+LLM
in-086000ce40db58ea,,Microsoft-centric data platform,0.75,Medium High,LLM
in-086000ce40db58ea,,ELT,0.75,Medium High,LLM
in-086000ce40db58ea,,ETL,0.786,Medium High,BERT+LLM
in-086000ce40db58ea,,Power BI,0.759,Medium High,BERT+LLM
in-086000ce40db58ea,,/,0.502,Medium Low,BERT (standalone)
in-14d73f227fd45146,,ETL,0.731,Medium High,BERT+LLM
in-14d73f227fd45146,,database processes,0.75,Medium High,LLM
in-28a75def2ed995eb,,RMN technology ecosystem,0.75,Medium High,LLM
in-28a75def2ed995eb,,commerce systems,0.75,Medium High,LLM
in-28a75def2ed995eb,,media systems,0.75,Medium High,LLM
in-28a75def2ed995eb,,marketing systems,0.75,Medium High,LLM
in-0b1202bf3556f0ec,,Design,0.75,Medium High,LLM
in-0b1202bf3556f0ec,,Technical skills,0.75,Medium High,LLM
in-0b1202bf3556f0ec,,Commercial skills,0.75,Medium High,LLM
in-0b1202bf3556f0ec,,Project constraints,0.75,Medium High,LLM
in-0b1202bf3556f0ec,,Leadership,0.75,Medium High,LLM
in-0b1202bf3556f0ec,,Stakeholder management,0.75,Medium High,LLM
in-0b1202bf3556f0ec,,Communication,0.75,Medium High,LLM
in-0b1202bf3556f0ec,,Project coordination,0.75,Medium High,LLM
in-0b1202bf3556f0ec,,Digital acumen,0.75,Medium High,LLM
in-0b1202bf3556f0ec,,Commercial acumen,0.75,Medium High,LLM
in-0b1202bf3556f0ec,,MS Office,0.75,Medium High,LLM
in-0b1202bf3556f0ec,,MS Project,0.75,Medium High,LLM
in-0b1202bf3556f0ec,,Asta,0.75,Medium High,LLM
in-0b1202bf3556f0ec,,Financial awareness,0.75,Medium High,LLM
in-0b1202bf3556f0ec,,Contract management,0.75,Medium High,LLM
in-0b1202bf3556f0ec,,Risk management,0.75,Medium High,LLM
in-0b1202bf3556f0ec,,CIOB,0.75,Medium High,LLM
in-0b1202bf3556f0ec,,RIBA,0.75,Medium High,LLM
in-12dd56b9ad69fd1c,,steel fabrications,0.75,Medium High,LLM
in-12dd56b9ad69fd1c,,ancillary equipment,0.75,Medium High,LLM
in-12dd56b9ad69fd1c,,hydraulic equipment,0.834,High,BERT+LLM
in-12dd56b9ad69fd1c,,cylinders,0.85,High,BERT+LLM
in-12dd56b9ad69fd1c,,operation systems,0.833,High,BERT+LLM
in-12dd56b9ad69fd1c,,HNC qualification,0.534,Medium Low,BERT (standalone)
in-965f58ca3e59d3f2,,vehicle configurator,0.75,Medium High,LLM
in-965f58ca3e59d3f2,,payment gateway,0.75,Medium High,LLM
in-965f58ca3e59d3f2,,web,0.75,Medium High,LLM
in-965f58ca3e59d3f2,,mobile app,0.75,Medium High,LLM
in-965f58ca3e59d3f2,,in-store,0.75,Medium High,LLM
in-965f58ca3e59d3f2,,"vehicle delivery management,",0.435,Low,BERT (standalone)
in-7461bc5cf0db64c7,,acquisition management,0.75,Medium High,LLM
in-7461bc5cf0db64c7,,systems engineering,0.75,Medium High,LLM
in-7461bc5cf0db64c7,,Agile software development,0.75,Medium High,LLM
in-7461bc5cf0db64c7,,cloud management,0.75,Medium High,LLM
in-7461bc5cf0db64c7,,IT modernization,0.75,Medium High,LLM
in-7461bc5cf0db64c7,,data analytics,0.75,Medium High,LLM
in-7461bc5cf0db64c7,,cybersecurity,0.75,Medium High,LLM
in-7461bc5cf0db64c7,,DevSecOps,0.75,Medium High,LLM
in-7461bc5cf0db64c7,,automated testing,0.75,Medium High,LLM
in-7461bc5cf0db64c7,,mobile application development,0.75,Medium High,LLM
in-4250b91d85b051d1,,airworthiness authorities,0.775,Medium High,BERT+LLM
in-6db24020e2a08372,,Infrastructure as Code (IaC) tools,0.838,High,BERT+LLM
in-70a2eb5261b8c030,,architectural principles,0.75,Medium High,LLM
in-70a2eb5261b8c030,,architectural guidelines,0.75,Medium High,LLM
in-70a2eb5261b8c030,,production defects,0.75,Medium High,LLM
in-70a2eb5261b8c030,,data integrations,0.75,Medium High,LLM
in-70a2eb5261b8c030,,code review,0.75,Medium High,LLM
in-70a2eb5261b8c030,,Quality Assurance,0.75,Medium High,LLM
in-70a2eb5261b8c030,,defect root cause analysis,0.75,Medium High,LLM
in-2cdf2399ee76c432,,DDAI,0.75,Medium High,LLM
in-2cdf2399ee76c432,,WIB team,0.75,Medium High,LLM
in-159c6d093e97476a,,English,0.75,Medium High,LLM
in-00312d85ec873f86,,professional lighting,0.75,Medium High,LLM
in-00312d85ec873f86,,audio systems,0.75,Medium High,LLM
in-00312d85ec873f86,,camera systems,0.839,High,BERT+LLM
in-00312d85ec873f86,,live-streaming setups,0.75,Medium High,LLM
in-00312d85ec873f86,,post-production workflows,0.75,Medium High,LLM
in-00312d85ec873f86,,professional,0.559,Medium Low,BERT (standalone)
in-00312d85ec873f86,,"lighting,",0.36,Very Low,BERT (standalone)
in-00312d85ec873f86,,"audio,",0.541,Medium Low,BERT (standalone)
in-00312d85ec873f86,,live,0.559,Medium Low,BERT (standalone)
in-00312d85ec873f86,,"-streaming setups,",0.556,Medium Low,BERT (standalone)
in-00312d85ec873f86,,post,0.559,Medium Low,BERT (standalone)
in-00312d85ec873f86,,-production workflows.,0.557,Medium Low,BERT (standalone)
in-101e930210888ced,,mobile apps,0.75,Medium High,LLM
in-77696a202803c29b,,analytics platforms,0.75,Medium High,LLM
in-77696a202803c29b,,PLM,0.852,High,BERT+LLM
in-77696a202803c29b,,ERP systems,0.751,Medium High,BERT+LLM
in-77696a202803c29b,,material database system,0.75,Medium High,LLM
in-77696a202803c29b,,fabric types,0.844,High,BERT+LLM
in-77696a202803c29b,,construction,0.812,High,BERT+LLM
in-77696a202803c29b,,finishing,0.75,Medium High,LLM
in-77696a202803c29b,,performance characteristics,0.75,Medium High,LLM
in-77696a202803c29b,,sustainability standards,0.75,Medium High,LLM
in-77696a202803c29b,,textile materials,0.75,Medium High,LLM
in-77696a202803c29b,,/,0.526,Medium Low,BERT (standalone)
in-77696a202803c29b,,"finishing, and performance characteristics.",0.461,Low,BERT (standalone)
in-77696a202803c29b,,"material development,",0.557,Medium Low,BERT (standalone)
in-77696a202803c29b,,"sourcing,",0.504,Medium Low,BERT (standalone)
in-77696a202803c29b,,lifecycle management.,0.542,Medium Low,BERT (standalone)
in-e03357f052aa5454,,Tuition assistance,0.75,Medium High,LLM
in-b9d4aea91e3f2d0c,,Epic Ambulatory,0.75,Medium High,LLM
in-27d3e2e8b7c41d36,,APIs,0.75,Medium High,LLM
in-27d3e2e8b7c41d36,,NDC standards,0.75,Medium High,LLM
in-5368a337ff9c506e,,Product Design,0.75,Medium High,LLM
in-82265fcf199f7655,,design culture,0.75,Medium High,LLM
in-82265fcf199f7655,,design process,0.75,Medium High,LLM
in-8ad8e7c8de4037c3,,AWS,0.844,High,BERT+LLM
in-8ad8e7c8de4037c3,,cloud security,0.614,Medium,BERT+LLM
in-8ad8e7c8de4037c3,,enterprise security solutions,0.842,High,BERT+LLM
in-8ad8e7c8de4037c3,,WAF,0.846,High,BERT+LLM
in-8ad8e7c8de4037c3,,IPS,0.848,High,BERT+LLM
in-8ad8e7c8de4037c3,,Anti-DDOS,0.839,High,BERT+LLM
in-8ad8e7c8de4037c3,,SIEM,0.852,High,BERT+LLM
in-8ad8e7c8de4037c3,,Anti,0.559,Medium Low,BERT (standalone)
in-cd349d1d935d2e5e,,database infrastructure,0.75,Medium High,LLM
in-cd349d1d935d2e5e,,data storage,0.75,Medium High,LLM
in-cd349d1d935d2e5e,,data security,0.75,Medium High,LLM
in-1275cf05b8a8e15e,,online payments,0.75,Medium High,LLM
in-db50373d77abc3a2,,AI,0.75,Medium High,LLM
in-db50373d77abc3a2,,Data solutions,0.75,Medium High,LLM
in-db50373d77abc3a2,,Data,0.379,Very Low,BERT (standalone)
in-b623fdf7e964fd6d,,Code de conduite,0.75,Medium High,LLM
in-bc3b380ce792d5ca,,real-time dashboards,0.75,Medium High,LLM
in-bc3b380ce792d5ca,,analytics tools,0.846,High,BERT+LLM
in-bc3b380ce792d5ca,,voice products,0.75,Medium High,LLM
in-bc3b380ce792d5ca,,AI-related products,0.75,Medium High,LLM
in-bc3b380ce792d5ca,,Figma,0.75,Medium High,LLM
in-bc3b380ce792d5ca,,Behance,0.75,Medium High,LLM
in-bc3b380ce792d5ca,,Dribbble,0.75,Medium High,LLM
in-bc3b380ce792d5ca,,PDF,0.75,Medium High,LLM
in-bc3b380ce792d5ca,,real,0.559,Medium Low,BERT (standalone)
in-bc3b380ce792d5ca,,"-time dashboards,",0.537,Medium Low,BERT (standalone)
in-bc3b380ce792d5ca,,voice or,0.502,Medium Low,BERT (standalone)
in-bc3b380ce792d5ca,,AI -related,0.458,Low,BERT (standalone)
in-69b68bde3423c7fc,,Salesforce,0.655,Medium,BERT+LLM
in-69b68bde3423c7fc,,Salesforce Admin Certification,0.75,Medium High,LLM
in-69b68bde3423c7fc,,Salesforce Platform App Builder Certification,0.75,Medium High,LLM
in-69b68bde3423c7fc,,Salesforce Platform Developer Certification,0.75,Medium High,LLM
in-1aa0a368df24410e,,Angular,0.75,Medium High,LLM
in-1aa0a368df24410e,,React,0.799,Medium High,BERT+LLM
in-1aa0a368df24410e,,Node.js,0.846,High,BERT+LLM
in-1aa0a368df24410e,,databases,0.849,High,BERT+LLM
in-33f7ac68b9c721cf,,research design,0.75,Medium High,LLM
in-33f7ac68b9c721cf,,technical areas,0.75,Medium High,LLM
in-33f7ac68b9c721cf,,stakeholder engagement,0.75,Medium High,LLM
in-9af59d2bfaa79ff6,,industry standards,0.75,Medium High,LLM
in-bfafddc5c4fcdca4,,Sales CRM,0.754,Medium High,BERT+LLM
in-bfafddc5c4fcdca4,,Salesforce,0.847,High,BERT+LLM
in-b43f970b349508c3,,Dayforce HCM platform,0.75,Medium High,LLM
in-a8c9ec23b2864f1d,,electrical distribution system design,0.849,High,BERT+LLM
in-a8c9ec23b2864f1d,,overhead electrical distribution systems,0.75,Medium High,LLM
in-a8c9ec23b2864f1d,,underground electrical distribution systems,0.832,High,BERT+LLM
in-a8c9ec23b2864f1d,,industry standards,0.75,Medium High,LLM
in-a8c9ec23b2864f1d,,G Class Ontario,0.379,Very Low,BERT (standalone)
in-a8c9ec23b2864f1d,,overhead and,0.542,Medium Low,BERT (standalone)
in-ad79e85e7bf42da7,,Enterprise CRM Solutions (eCRMs),0.75,Medium High,LLM
in-0e1bdbb226a3d5af,,Kubernetes,0.852,High,BERT+LLM
in-0e1bdbb226a3d5af,,DevOps,0.846,High,BERT+LLM
in-8a05d38449430198,,accessibility best practices,0.85,High,BERT+LLM
in-8a05d38449430198,,Walmart’s accessibility standards,0.75,Medium High,LLM
in-8a05d38449430198,,Walmart’s accessibility guidelines,0.75,Medium High,LLM
in-5234a3e36083c4a4,,data science,0.792,Medium High,BERT+LLM
in-5234a3e36083c4a4,,machine learning,0.794,Medium High,BERT+LLM
in-5234a3e36083c4a4,,derivatives book,0.75,Medium High,LLM
in-4664ea614c51f527,,Photoshop,0.847,High,BERT+LLM
in-8309226b8eb92e80,,politiques de confidentialité,0.75,Medium High,LLM
in-5a18a668ba2fbe0b,,Event technology,0.75,Medium High,LLM
in-8714fb67e5eb3bbb,,International Civil Rights Center & Museum,0.75,Medium High,LLM
in-8714fb67e5eb3bbb,,Rosa Parks Museum,0.75,Medium High,LLM
in-8714fb67e5eb3bbb,,Jurassic Park Discovery Center,0.75,Medium High,LLM
in-8714fb67e5eb3bbb,,Universal's Islands of Adventure,0.75,Medium High,LLM
in-8714fb67e5eb3bbb,,National Museum of the US Army,0.75,Medium High,LLM
in-8714fb67e5eb3bbb,,National Museum of the Marines,0.75,Medium High,LLM
in-cd4536bf094c8252,,hardware products,0.75,Medium High,LLM
in-342b32d766851b29,,Arena Video Routing,0.75,Medium High,LLM
in-342b32d766851b29,,Production Control Room systems,0.842,High,BERT+LLM
in-342b32d766851b29,,AV equipment,0.75,Medium High,LLM
in-342b32d766851b29,,Arena,0.517,Medium Low,BERT (standalone)
in-342b32d766851b29,,Video Routing,0.553,Medium Low,BERT (standalone)
in-f6f38be2ac0d3b85,,Aotearoa,0.75,Medium High,LLM
