job_id,skill,type,bloom,confidence_score,confidence_tier,verification_level,is_verified,semantic_density,context_agreement,source,source_file,review_id,human_valid,human_type,human_bloom,human_notes,reviewer_id
in-bacf82922de13ca1,generate business case reports,Hard,Create,1.0,Very High,Verified_HIGH,True,0.8,1.23,BERT+GPT,verified_skills.csv,skill_2895d03e02a0,,,,,
in-de42b8496f12db74,drive business development,Soft,,0.864,High,Verified_HIGH,True,0.84,1.26,BERT+GPT,verified_skills.csv,skill_a24b4e5e6151,,,,,
in-0d463b90645c0d01,value precision,Soft,,0.614,Medium,Verified_MEDIUM,True,0.84,1.18,BERT+GPT,verified_skills.csv,skill_81c99729cd61,,,,,
in-8fe3085f2c39b0f1,implement backend services,Hard,Apply,1.0,Very High,Verified_HIGH,True,0.84,1.34,BERT+GPT,verified_skills.csv,skill_e94ba2d2520c,,,,,
in-9e17e731092490ad,innovate,Soft,,0.96,Very High,Verified_HIGH,True,0.84,1.43,BERT+GPT,verified_skills.csv,skill_4a8cb29e2d19,,,,,
in-ce69dae5b45ada66,manage digital workflows,Hard,Apply,1.0,Very High,Verified_HIGH,True,0.81,1.22,BERT+GPT,verified_skills.csv,skill_5962e169094f,,,,,
in-42bcb81b7db61fc4,lead development of a mobile app,Hard,Create,0.66,Medium,Verified_MEDIUM,True,0.74,0.9,BERT+GPT,verified_skills.csv,skill_e5050c12ea3e,,,,,
in-41fbc6e0ba6b8af0,develop advanced analytics solutions,Hard,Create,1.0,Very High,Verified_HIGH,True,0.85,1.33,BERT+GPT,verified_skills.csv,skill_d73c23aa9857,,,,,
in-d201dcee4ab022ff,debug/troubleshoot,Hard,Analyze,0.676,Medium,Verified_MEDIUM,True,0.9,0.93,BERT+GPT,verified_skills.csv,skill_87c58ab105b4,,,,,
in-1793ad8e1f7e949d,"act with due skill, care, and diligence",Soft,,0.567,Medium Low,Verified_MEDIUM,True,0.73,0.98,BERT+GPT,verified_skills.csv,skill_817fb3bcf521,,,,,
in-7c72c72497dd6393,deploy agentic AI models,Hard,Create,1.0,Very High,Verified_HIGH,True,0.76,1.27,BERT+GPT,verified_skills.csv,skill_7b0700327fe7,,,,,
in-2a657a4ea0a95b75,implement infrastructure automation,Hard,Analyze,1.0,Very High,Verified_HIGH,True,0.9,1.36,BERT+GPT,verified_skills.csv,skill_dd9994dfa6c0,,,,,
in-bf27e3c9db1b8a21,"ensure alignment with approved schedule, budget, and design",Soft,,0.653,Medium,Verified_MEDIUM,True,0.8,0.98,BERT+GPT,verified_skills.csv,skill_2cfc25532c39,,,,,
in-291f2968a155a50d,resolve application issues,Hard,Apply,1.0,Very High,Verified_HIGH,True,0.84,1.27,BERT+GPT,verified_skills.csv,skill_e05333c7b4c7,,,,,
in-33c01bdd1bf14a8b,interact with clients,Soft,,0.849,High,Verified_HIGH,True,0.79,1.3,BERT+GPT,verified_skills.csv,skill_77178539c09b,,,,,
in-5b8b8b6b495946f5,lead data migration activities,Soft,,0.755,Medium High,Verified_HIGH,True,0.79,1.19,BERT+GPT,verified_skills.csv,skill_2559404632a6,,,,,
in-234255dcb0b3fd8b,implement appropriate controls,Hard,Apply,1.0,Very High,Verified_HIGH,True,0.89,1.23,BERT+GPT,verified_skills.csv,skill_6193cf5073ae,,,,,
in-d01eacf54b20047e,thrive in a team environment,Soft,,1.0,Very High,Verified_HIGH,True,0.74,1.26,BERT+GPT,verified_skills.csv,skill_f6e34b325c84,,,,,
in-f9435af21527c7ef,evolve the architecture,Hard,Create,1.0,Very High,Verified_HIGH,True,1.0,1.43,BERT+GPT,verified_skills.csv,skill_9419bf21f61b,,,,,
in-9c5be75a02f0df18,escalate issues as needed,Soft,,0.808,High,Verified_HIGH,True,0.79,1.27,BERT+GPT,verified_skills.csv,skill_c12daca4397d,,,,,
in-80cff041411bc94d,provide customer service excellence,Soft,,0.749,Medium High,Verified_HIGH,True,0.84,1.2,BERT+GPT,verified_skills.csv,skill_2afb67b647bc,,,,,
in-f8d9e3eff2461aab,apply insights in a high-impact setting,Soft,,0.948,Very High,Verified_HIGH,True,0.77,1.41,BERT+GPT,verified_skills.csv,skill_d6f6e7f59ac4,,,,,
in-891f7dd07f209dff,maintain ServiceNow,Hard,Analyze,1.0,Very High,Verified_HIGH,True,0.89,1.19,BERT+GPT,verified_skills.csv,skill_9fb45b683663,,,,,
in-b8283ed825bb0b30,keep the learning space clean and organized,Soft,,0.625,Medium,Verified_MEDIUM,True,0.75,0.99,BERT+GPT,verified_skills.csv,skill_ccfca4884705,,,,,
in-f70b2dbf8b1ea6a6,make business-based judgment calls,Soft,,0.818,High,Verified_HIGH,True,0.82,1.27,BERT+GPT,verified_skills.csv,skill_217b614fafa1,,,,,
in-0b39b1b24a1554be,integrate customer centric research findings into product design decisions,Soft,,0.928,Very High,Verified_HIGH,True,0.8,1.34,BERT+GPT,verified_skills.csv,skill_243c0295be60,,,,,
in-c0023827e52e2d3c,implement trading algorithms,Hard,Apply,0.751,Medium High,Verified_HIGH,True,0.87,0.9,BERT+GPT,verified_skills.csv,skill_dbc568723b99,,,,,
in-bae7b8bb0e8017ae,drive strategy,Soft,,0.96,Very High,Verified_HIGH,True,0.8,1.43,BERT+GPT,verified_skills.csv,skill_d8524c6aca0a,,,,,
in-917644013c709d00,review and analyse aspects of constructability/buildability,Hard,Create,1.0,Very High,Verified_HIGH,True,0.86,1.27,BERT+GPT,verified_skills.csv,skill_c22e8bf55a3f,,,,,
in-f52ef8baf5bde6fd,support implementation of initiatives,Soft,,0.696,Medium,Verified_MEDIUM,True,0.84,0.96,BERT+GPT,verified_skills.csv,skill_a93d901e0e5c,,,,,
in-10ab11d030bb8e0b,build Windows-based GitHub ephemeral build runners,Hard,Create,1.0,Very High,Verified_HIGH,True,0.77,1.39,BERT+GPT,verified_skills.csv,skill_9859f97ee8a0,,,,,
in-c294fca197e238f6,anticipate future technology trends,Soft,,0.886,High,Verified_HIGH,True,0.85,1.33,BERT+GPT,verified_skills.csv,skill_6284ed6618b8,,,,,
in-754ef7cca0b37dd6,build trust,Soft,,0.885,High,Verified_HIGH,True,0.75,1.26,BERT+GPT,verified_skills.csv,skill_f57c064caccc,,,,,
in-ce69dae5b45ada66,be proactive,Soft,,1.0,Very High,Verified_HIGH,True,0.82,1.2,BERT+GPT,verified_skills.csv,skill_aaa507e81881,,,,,
in-4a656605e60ee2cb,facilitate solutions across business areas,Soft,,0.797,Medium High,Verified_HIGH,True,0.84,1.23,BERT+GPT,verified_skills.csv,skill_bdcd29b0ea13,,,,,
in-eb1b0d5bcdc417f9,build clear decks,Hard,Create,1.0,Very High,Verified_HIGH,True,0.76,1.25,BERT+GPT,verified_skills.csv,skill_16d73f82391e,,,,,
in-b8c248cb2a655350,monitor cloud spending,Hard,Analyze,1.0,Very High,Verified_HIGH,True,0.8,1.34,BERT+GPT,verified_skills.csv,skill_ad5d5f729872,,,,,
in-be57a5eac072936f,take responsibility for projects,Soft,,0.854,High,Verified_HIGH,True,0.83,1.29,BERT+GPT,verified_skills.csv,skill_d08846541986,,,,,
in-0eac567071a68902,automate deployment pipelines,Hard,Create,1.0,Very High,Verified_HIGH,True,1.0,1.29,BERT+GPT,verified_skills.csv,skill_994c7ecff7b3,,,,,
in-444b4b837844792e,translate user needs into evidence-based measurable requirements,Hard,Apply,1.0,Very High,Verified_HIGH,True,0.83,1.26,BERT+GPT,verified_skills.csv,skill_73e431b1fd7a,,,,,
in-5941d074db566c6e,influence decision making,Soft,,0.658,Medium,Verified_MEDIUM,True,0.85,1.02,BERT+GPT,verified_skills.csv,skill_6b893fb60e96,,,,,
in-0a795d59243fe474,manage diverse projects,Soft,,0.96,Very High,Verified_HIGH,True,0.81,1.43,BERT+GPT,verified_skills.csv,skill_bc6e897589a7,,,,,
in-1991420eca842f87,design automations,Hard,Create,0.799,Medium High,Verified_HIGH,True,0.88,1.02,BERT+GPT,verified_skills.csv,skill_e91f69b80bed,,,,,
in-be57a5eac072936f,prepare proposal documentation,Hard,Apply,1.0,Very High,Verified_HIGH,True,0.87,1.26,BERT+GPT,verified_skills.csv,skill_03b2b2bf8e0b,,,,,
in-22cca762983b43f9,manage enterprise-wide data,Hard,Apply,1.0,Very High,Verified_HIGH,True,0.78,1.31,BERT+GPT,verified_skills.csv,skill_7094dfc68a5c,,,,,
in-255061426d5cbe9d,mentor junior engineers,Soft,,0.918,Very High,Verified_HIGH,True,0.81,1.34,BERT+GPT,verified_skills.csv,skill_a9e869b1ce94,,,,,
in-22d008a687ba406e,"ensure features meet security, compliance, and performance requirements",Hard,Analyze,1.0,Very High,Verified_HIGH,True,0.82,1.17,BERT+GPT,verified_skills.csv,skill_ee5762c92a6b,,,,,
in-73c1ffdb2eac3614,use custom reporting tools,Hard,Apply,1.0,Very High,Verified_HIGH,True,0.77,1.43,BERT+GPT,verified_skills.csv,skill_3df917363c83,,,,,
in-316e06c5e8deb0e1,"manage data ingestion, cleansing, transformation, and presentation",Soft,,0.846,High,Verified_HIGH,True,0.82,0.92,BERT+GPT,verified_skills.csv,skill_5aeddcef5622,,,,,
in-b1b780a493478422,operate with a high degree of autonomy,Soft,,0.494,Low,Low_Confidence,False,0.79,0.99,BERT+GPT,verified_skills.csv,skill_d6c58df3010f,,,,,
in-23008603f9343efc,ensure customer billing is done appropriately,Hard,Analyze,1.0,Very High,Verified_HIGH,True,0.8,1.35,BERT+GPT,verified_skills.csv,skill_f7bab85f5bab,,,,,
in-c2f46f18a1a484d8,ensure deliverables are accurate,Soft,,0.837,High,Verified_HIGH,True,0.82,1.27,BERT+GPT,verified_skills.csv,skill_f655b811f522,,,,,
in-f7efd6d106b3c748,execute audits,Hard,Analyze,1.0,Very High,Verified_HIGH,True,0.81,1.41,BERT+GPT,verified_skills.csv,skill_718b81b7a39e,,,,,
in-4a656605e60ee2cb,uphold security best practices,Hard,Apply,1.0,Very High,Verified_HIGH,True,0.8,1.24,BERT+GPT,verified_skills.csv,skill_00fbd149506e,,,,,
in-f088d4f821eb47ea,deliver high-quality outcomes,Soft,,0.848,High,Verified_HIGH,True,0.85,1.28,BERT+GPT,verified_skills.csv,skill_0d7336a66e83,,,,,
in-5313ca5efc67cfce,work with vendors,Soft,,0.615,Medium,Verified_MEDIUM,True,0.78,0.97,BERT+GPT,verified_skills.csv,skill_44c53bdee4a0,,,,,
in-6c14c3cc5e1e7e69,liaise with customers,Soft,,1.0,Very High,Verified_HIGH,True,0.79,1.35,BERT+GPT,verified_skills.csv,skill_05967b7cc0ff,,,,,
in-327a9e4dfda23fd8,deliver excellent service,Soft,,0.865,High,Verified_HIGH,True,0.85,1.35,BERT+GPT,verified_skills.csv,skill_3d952e339af5,,,,,
in-b6253936a4bb860c,teach Art courses,Hard,Apply,0.94,Very High,Verified_HIGH,True,0.77,1.23,BERT+GPT,verified_skills.csv,skill_7a0947f75bb0,,,,,
in-57d798fda99e7846,validate data migration,Hard,Evaluate,1.0,Very High,Verified_HIGH,True,0.8,1.22,BERT+GPT,verified_skills.csv,skill_3cb1f095fd56,,,,,
in-2d0e816866476285,reach with hands and arms,Hard,Apply,0.773,Medium High,Verified_HIGH,True,0.73,1.19,BERT+GPT,verified_skills.csv,skill_ab5796a0ab68,,,,,
in-42d8c375b2cc11bd,"own, track, and report on key supply chain performance indicators (KPIs)",Hard,Apply,0.985,Very High,Verified_HIGH,True,0.78,1.23,BERT+GPT,verified_skills.csv,skill_caa3d1c0be66,,,,,
in-5ab82c9a9034bbd2,book site inspections,Hard,Evaluate,1.0,Very High,Verified_HIGH,True,0.79,1.24,BERT+GPT,verified_skills.csv,skill_e4300abe7efb,,,,,
in-0f38cde44555d389,identify automation opportunities,Hard,Analyze,1.0,Very High,Verified_HIGH,True,0.9,1.29,BERT+GPT,verified_skills.csv,skill_219545b56853,,,,,
in-c03e220b41bb6b05,assist with contractor management,Soft,,1.0,Very High,Verified_HIGH,True,0.84,1.29,BERT+GPT,verified_skills.csv,skill_a3d8825dc386,,,,,
in-04c370e7e5fa5de4,design high quality solutions,Hard,Create,1.0,Very High,Verified_HIGH,True,0.81,1.24,BERT+GPT,verified_skills.csv,skill_339ea81d1031,,,,,
in-55dc0326a7b5e2d2,bring diverse teams together,Soft,,1.0,Very High,Verified_HIGH,True,0.8,1.29,BERT+GPT,verified_skills.csv,skill_123c6af607c3,,,,,
in-ec5b03718277f678,turn numbers into stories,Hard,Apply,1.0,Very High,Verified_HIGH,True,0.78,1.42,BERT+GPT,verified_skills.csv,skill_8e8217e6664d,,,,,
in-526ea3535eaa83a3,monitor regulatory changes,Hard,Analyze,1.0,Very High,Verified_HIGH,True,0.84,1.31,BERT+GPT,verified_skills.csv,skill_030ef83f8ffd,,,,,
in-f52ef8baf5bde6fd,provide input into planning,Soft,,0.823,High,Verified_HIGH,True,0.78,1.25,BERT+GPT,verified_skills.csv,skill_d3ddd004bfe1,,,,,
in-82f9fb26440bd39f,drive leads,Hard,Apply,0.931,Very High,Verified_HIGH,True,0.75,1.32,BERT+GPT,verified_skills.csv,skill_46c153976336,,,,,
in-89ea52f0c4aa0aaf,develop presentations,Soft,,1.0,Very High,Verified_HIGH,True,0.9,1.26,BERT+GPT,verified_skills.csv,skill_aa67df88cacb,,,,,
in-1c71aa1adece6ee9,collaborate with cross-functional teams,Soft,,1.0,Very High,Verified_HIGH,True,0.85,1.42,BERT+GPT,verified_skills.csv,skill_dec9356794fd,,,,,
in-1af20f351a33df74,serve as a subject matter expert,Soft,,0.926,Very High,Verified_HIGH,True,0.74,1.43,BERT+GPT,verified_skills.csv,skill_c0e0b9393ca3,,,,,
in-0b694e1cd2c10626,provide data-driven insights,Hard,Apply,0.988,Very High,Verified_HIGH,True,0.83,1.25,BERT+GPT,verified_skills.csv,skill_b7808a34d41c,,,,,
in-da23b9136909c481,provide administrative support,Soft,,0.96,Very High,Verified_HIGH,True,0.88,1.42,BERT+GPT,verified_skills.csv,skill_3c1e363540fe,,,,,
in-eafa4f6055753174,process payments,Hard,Apply,0.93,Very High,Verified_HIGH,True,0.85,1.2,BERT+GPT,verified_skills.csv,skill_116b7ec8710d,,,,,
in-a8cb5f48982e794b,design substation physical layouts,Hard,Create,1.0,Very High,Verified_HIGH,True,0.84,1.25,BERT+GPT,verified_skills.csv,skill_c3834a6a1e0d,,,,,
in-bf27e3c9db1b8a21,assist the Project Manager in daily management of construction projects,Soft,,1.0,Very High,Verified_HIGH,True,0.75,1.28,BERT+GPT,verified_skills.csv,skill_b1f79e8c07b3,,,,,
in-4c36c22e14b01052,lead technical delivery,Soft,,0.733,Medium High,Verified_MEDIUM,True,0.78,1.21,BERT+GPT,verified_skills.csv,skill_d6125952e2f7,,,,,
in-188e6f6bd12da146,execute multi-channel campaigns,Hard,Apply,1.0,Very High,Verified_HIGH,True,0.85,1.43,BERT+GPT,verified_skills.csv,skill_da742dfc4202,,,,,
in-9bd737ac9f890224,recommend process or coaching changes,Soft,,0.894,High,Verified_HIGH,True,0.8,1.22,BERT+GPT,verified_skills.csv,skill_d27ccb8ecfe1,,,,,
in-d2e4a46079c8f922,define standards,Hard,Remember,1.0,Very High,Verified_HIGH,True,0.83,1.27,BERT+GPT,verified_skills.csv,skill_7777a0fd8277,,,,,
in-845346fa24bb906c,boost developer productivity,Soft,,0.84,High,Verified_HIGH,True,0.86,1.3,BERT+GPT,verified_skills.csv,skill_11ed84725704,,,,,
in-0dd9a86d29518092,supervise and manage projects,Soft,,0.871,High,Verified_HIGH,True,0.78,1.22,BERT+GPT,verified_skills.csv,skill_4e52ef2f265e,,,,,
in-eb7b44719e77cc58,operate a vehicle,Hard,Evaluate,0.875,High,Verified_HIGH,True,0.76,1.22,BERT+GPT,verified_skills.csv,skill_88c00594ce00,,,,,
in-24460c3c588d3f58,enable intuitive analytics,Hard,Apply,0.68,Medium,Verified_MEDIUM,True,0.83,0.96,BERT+GPT,verified_skills.csv,skill_319f87277980,,,,,
in-be1d3eb33ea74335,motivate team members,Soft,,0.914,Very High,Verified_HIGH,True,0.81,0.97,BERT+GPT,verified_skills.csv,skill_1e7f1df34903,,,,,
in-f1a3e8b5223190f6,drive master data governance framework,Hard,Apply,0.93,Very High,Verified_HIGH,True,0.9,1.19,BERT+GPT,verified_skills.csv,skill_e9029dc71d6c,,,,,
in-6fc9f358afdd1245,develop story ideas,Hard,Create,1.0,Very High,Verified_HIGH,True,0.77,1.27,BERT+GPT,verified_skills.csv,skill_f822291c1136,,,,,
in-89eb07ce2c795be3,maintain technical designs and documentation,Hard,Create,0.982,Very High,Verified_HIGH,True,0.84,1.18,BERT+GPT,verified_skills.csv,skill_af530ab12def,,,,,
in-5ba3e164049c8285,plan ahead,Soft,,0.915,Very High,Verified_HIGH,True,0.74,1.3,BERT+GPT,verified_skills.csv,skill_f4f13b7facc4,,,,,
in-bf6941e9141be8bc,drive solutions,Hard,Apply,0.962,Very High,Verified_HIGH,True,0.82,1.23,BERT+GPT,verified_skills.csv,skill_247102ea7d49,,,,,
in-5c317c3827cbcb9a,provide customer service,Soft,,0.538,Medium Low,Verified_MEDIUM,True,0.82,0.9,BERT+GPT,verified_skills.csv,skill_c83f4cba6d58,,,,,
in-ee21c40b782ba960,work independently,Soft,,0.907,Very High,Verified_HIGH,True,0.86,1.37,BERT+GPT,verified_skills.csv,skill_6c407b9af301,,,,,
in-4fa1cedef1c25473,execute change analysis,Hard,Apply,1.0,Very High,Verified_HIGH,True,0.81,1.19,BERT+GPT,verified_skills.csv,skill_77f12ea56483,,,,,
in-9ed16f46072e56de,act globally,Soft,,0.793,Medium High,Verified_HIGH,True,0.77,1.23,BERT+GPT,verified_skills.csv,skill_6887d266dbf5,,,,,
in-d9cadd0e5390cadd,understand customer drivers,Soft,,0.878,High,Verified_HIGH,True,0.86,1.32,BERT+GPT,verified_skills.csv,skill_2cbceda273ae,,,,,
in-36979d3955912c1c,offer suggestions for improvement,Soft,,0.638,Medium,Verified_MEDIUM,True,0.86,0.95,BERT+GPT,verified_skills.csv,skill_0ee9e7f4c211,,,,,
in-21e34d850e5b0581,move fast,Soft,,0.915,Very High,Verified_HIGH,True,0.72,1.42,BERT+GPT,verified_skills.csv,skill_d0e4c705bcbe,,,,,
in-36b379a1f0970539,drive data-driven decision-making,Hard,Apply,0.983,Very High,Verified_HIGH,True,0.84,1.26,BERT+GPT,verified_skills.csv,skill_474045e27f8c,,,,,
in-bee82521a330a463,carry out data gathering,Hard,Apply,0.85,High,Verified_HIGH,True,0.76,1.06,BERT+GPT,verified_skills.csv,skill_2762495b3b0c,,,,,
in-6c848f37fc379105,gain insights,Soft,,0.751,Medium High,Verified_HIGH,True,0.8,1.21,BERT+GPT,verified_skills.csv,skill_33a41e839982,,,,,
in-22abe92a943287ec,maintain RESTful APIs,Hard,Analyze,1.0,Very High,Verified_HIGH,True,0.79,1.34,BERT+GPT,verified_skills.csv,skill_b5c5979ea8d7,,,,,
in-39b38c8af7c65d6c,develop high-performance culture,Soft,,0.825,High,Verified_HIGH,True,0.86,1.21,BERT+GPT,verified_skills.csv,skill_a44e719fe296,,,,,
in-6544e27371514bdc,create partnerships,Soft,,0.869,High,Verified_HIGH,True,0.88,1.29,BERT+GPT,verified_skills.csv,skill_042963ae9ba4,,,,,
in-04ed3f2ad67cb835,ensure software adheres to security best practices,Hard,Analyze,1.0,Very High,Verified_HIGH,True,0.78,1.29,BERT+GPT,verified_skills.csv,skill_d97d2819802f,,,,,
in-79455b9eeb1ab8bf,build consensus,Soft,,0.926,Very High,Verified_HIGH,True,0.82,1.34,BERT+GPT,verified_skills.csv,skill_5eec84fa897d,,,,,
in-917644013c709d00,manage/approve subcontractor time extensions,Soft,,1.0,Very High,Verified_HIGH,True,0.86,1.29,BERT+GPT,verified_skills.csv,skill_305267d8104c,,,,,
in-3bdfce1f80372977,shape commercial outcomes,Hard,Apply,1.0,Very High,Verified_HIGH,True,0.83,1.34,BERT+GPT,verified_skills.csv,skill_2b57f558c238,,,,,
in-ff3a31ce6a108e49,solve problems,Soft,,0.783,Medium High,Verified_HIGH,True,0.8,1.25,BERT+GPT,verified_skills.csv,skill_3aad830b050c,,,,,
in-159c6d093e97476a,lead complex initiatives,Soft,,0.859,High,Verified_HIGH,True,0.82,1.3,BERT+GPT,verified_skills.csv,skill_4cc2e3e68630,,,,,
in-7cad68425d328373,deliver successful products,Soft,,0.785,Medium High,Verified_HIGH,True,0.85,1.25,BERT+GPT,verified_skills.csv,skill_55582318fb33,,,,,
in-a837d7aff10ff5ed,lead the design and development of new control systems features,Hard,Create,0.984,Very High,Verified_HIGH,True,0.77,1.17,BERT+GPT,verified_skills.csv,skill_1df489bbeee3,,,,,
in-b0e33d027ac8700f,support everyday tickets,Hard,Evaluate,1.0,Very High,Verified_HIGH,True,0.8,1.22,BERT+GPT,verified_skills.csv,skill_5cbf59d8a4e6,,,,,
in-a6736e124b5c4b79,align user needs to business outcomes,Soft,,0.899,High,Verified_HIGH,True,0.76,1.34,BERT+GPT,verified_skills.csv,skill_45c62675c114,,,,,
in-198664b359fea978,deploy AI models,Hard,Create,1.0,Very High,Verified_HIGH,True,0.76,1.23,BERT+GPT,verified_skills.csv,skill_fdb29943e18f,,,,,
in-5e52c688efc5774c,ensure every piece fits perfectly,Hard,Analyze,1.0,Very High,Verified_HIGH,True,0.77,1.22,BERT+GPT,verified_skills.csv,skill_308ab8b3aea4,,,,,
in-7962a060c53532fb,break limits,Soft,,0.828,High,Verified_HIGH,True,0.77,1.34,BERT+GPT,verified_skills.csv,skill_148f71a8afad,,,,,
in-e622db2eb160aabb,review pull requests,Hard,Evaluate,1.0,Very High,Verified_HIGH,True,0.8,1.2,BERT+GPT,verified_skills.csv,skill_01aae7222f55,,,,,
in-71462cdbe44d141c,demonstrate compliance,Hard,Evaluate,1.0,Very High,Verified_HIGH,True,0.9,1.33,BERT+GPT,verified_skills.csv,skill_4aeb830d40fe,,,,,
in-7f8170705ece7e73,deliver value-driven solutions,Hard,Evaluate,1.0,Very High,Verified_HIGH,True,0.84,1.26,BERT+GPT,verified_skills.csv,skill_a29e7ae135f4,,,,,
in-38a3750e70b343a6,communicate effectively,Soft,,0.767,Medium High,Verified_HIGH,True,0.9,0.9,BERT+GPT,verified_skills.csv,skill_8874642b77df,,,,,
in-ac2d1477da058794,run experiments,Hard,Apply,1.0,Very High,Verified_HIGH,True,0.84,1.29,BERT+GPT,verified_skills.csv,skill_152fc7ac5fe4,,,,,
in-7acf3515abe32748,deliver risk-based audits,Hard,Analyze,0.992,Very High,Verified_HIGH,True,0.8,1.23,BERT+GPT,verified_skills.csv,skill_6092e1f3ac2f,,,,,
in-06937182df049c4f,communicate in writing effectively,Soft,,0.833,High,Verified_HIGH,True,0.85,0.97,BERT+GPT,verified_skills.csv,skill_a01cd56e57a1,,,,,
in-2a36feb586ba135c,ensure data integrity,Soft,,0.933,Very High,Verified_HIGH,True,0.79,0.95,BERT+GPT,verified_skills.csv,skill_9c29c268ada4,,,,,
in-dad392d432acf9fb,enhance analytics tools,Hard,Create,1.0,Very High,Verified_HIGH,True,0.82,1.33,BERT+GPT,verified_skills.csv,skill_fba170454ec7,,,,,
in-dab25a0ae1add1ca,create Bill of Materials (BOMs),Hard,Create,1.0,Very High,Verified_HIGH,True,0.76,1.23,BERT+GPT,verified_skills.csv,skill_60a8f716b0b1,,,,,
in-f5360a401ce4875a,ensure data integrity,Soft,,1.0,Very High,Verified_HIGH,True,0.79,1.37,BERT+GPT,verified_skills.csv,skill_a683ef1f027e,,,,,
in-93833b8e7a6e44d0,sell enterprise SaaS software,Hard,Apply,1.0,Very High,Verified_HIGH,True,0.81,1.34,BERT+GPT,verified_skills.csv,skill_9f40963ac4e1,,,,,
in-91471fd2aa99b5a8,operate independently,Soft,,0.96,Very High,Verified_HIGH,True,0.9,1.43,BERT+GPT,verified_skills.csv,skill_5644ca2b856f,,,,,
in-70544cdaba20d546,ensure operational efficiency,Hard,Analyze,0.939,Very High,Verified_HIGH,True,0.89,1.28,BERT+GPT,verified_skills.csv,skill_382e3ba89478,,,,,
in-4ea7a8e61c97118a,clean preparation areas,Hard,Apply,0.937,Very High,Verified_HIGH,True,0.83,1.24,BERT+GPT,verified_skills.csv,skill_ac5dd3e9b128,,,,,
in-17264860e4d557bd,plan projects,Hard,Create,0.738,Medium High,Verified_HIGH,True,0.8,0.96,BERT+GPT,verified_skills.csv,skill_82c828bdf9b3,,,,,
in-8ff3d9129d1b24e3,manage time,Soft,,0.769,Medium High,Verified_HIGH,True,0.78,1.25,BERT+GPT,verified_skills.csv,skill_cfec1206cd44,,,,,
in-4ada907f162bb1a3,aim for positive change in behavior,Soft,,0.773,Medium High,Verified_HIGH,True,0.74,1.07,BERT+GPT,verified_skills.csv,skill_c877d640ba50,,,,,
in-9c583f25348c0eae,implement application security policies,Hard,Apply,1.0,Very High,Verified_HIGH,True,0.86,1.26,BERT+GPT,verified_skills.csv,skill_13ef3f953a57,,,,,
in-cea54473f68f4ebe,improve systems and processes,Hard,Create,1.0,Very High,Verified_HIGH,True,0.8,1.25,BERT+GPT,verified_skills.csv,skill_e51ae77f6cf2,,,,,
in-8e205749fe8753d1,ensure website security,Hard,Analyze,0.995,Very High,Verified_HIGH,True,0.81,1.22,BERT+GPT,verified_skills.csv,skill_c33fc9f58be0,,,,,
in-957a9cd87929d935,ensure compliance with regulatory requirements,Hard,Analyze,1.0,Very High,Verified_HIGH,True,0.85,1.29,BERT+GPT,verified_skills.csv,skill_cdf7966f11b7,,,,,
in-c619f8fed61b43bd,adapt to fast-paced environments,Soft,,0.794,Medium High,Verified_HIGH,True,0.82,1.23,BERT+GPT,verified_skills.csv,skill_1ac653a816ab,,,,,
in-a0a13b00e05c1c23,manage OPEX/CAPEX,Hard,Apply,1.0,Very High,Verified_HIGH,True,0.78,1.3,BERT+GPT,verified_skills.csv,skill_e15cfaf85776,,,,,
in-7f124fa2e6e3d1b8,build scalable backend systems,Hard,Create,1.0,Very High,Verified_HIGH,True,0.8,1.27,BERT+GPT,verified_skills.csv,skill_670b69153693,,,,,
in-40d0831e88696c86,care about best practices,Soft,,0.822,High,Verified_HIGH,True,0.77,1.25,BERT+GPT,verified_skills.csv,skill_b113929990fe,,,,,
in-57b8f62b5d876090,provide technical advice,Hard,Apply,0.966,Very High,Verified_HIGH,True,0.82,1.21,BERT+GPT,verified_skills.csv,skill_8f9932172f57,,,,,
in-d92fd3ff29cad1e3,analyze data for continual improvement,Hard,Create,1.0,Very High,Verified_HIGH,True,0.8,1.27,BERT+GPT,verified_skills.csv,skill_7436faae235d,,,,,
in-b82ada7cf4b26b40,drive cohesive approach,Soft,,0.764,Medium High,Verified_HIGH,True,0.79,1.19,BERT+GPT,verified_skills.csv,skill_3f40d74d7220,,,,,
in-b88b291a6c2feed4,maintain database security policies,Hard,Analyze,1.0,Very High,Verified_HIGH,True,0.99,1.32,BERT+GPT,verified_skills.csv,skill_a4e0218e2809,,,,,
in-9f9fd6d1a20850a9,provide administrative support,Hard,Evaluate,1.0,Very High,Verified_HIGH,True,0.85,1.29,BERT+GPT,verified_skills.csv,skill_ed29961e6dba,,,,,
in-8988fd9c54a689fe,strengthen client relationships,Soft,,1.0,Very High,Verified_HIGH,True,0.89,1.3,BERT+GPT,verified_skills.csv,skill_eea549fa5b7f,,,,,
in-b0721327207dcb8f,foster AI-first product thinking,Soft,,0.825,High,Verified_HIGH,True,0.8,1.26,BERT+GPT,verified_skills.csv,skill_a08845c01d28,,,,,
in-5b21cde32da0219f,monitor existing clients,Hard,Analyze,1.0,Very High,Verified_HIGH,True,0.84,1.33,BERT+GPT,verified_skills.csv,skill_87b754e83ddf,,,,,
in-9b13d084395d8b8e,implement data pipelines,Hard,Apply,1.0,Very High,Verified_HIGH,True,0.82,1.4,BERT+GPT,verified_skills.csv,skill_bd55baed75ec,,,,,
in-0c979b87ec2ab37a,perform database backups at frequency,Hard,Apply,0.835,High,Verified_HIGH,True,0.96,0.95,BERT+GPT,verified_skills.csv,skill_f5076aabf01b,,,,,
in-b2887239df2a7185,ensure compliance with sales processes,Hard,Analyze,0.849,High,Verified_HIGH,True,0.8,0.9,BERT+GPT,verified_skills.csv,skill_fde4daa45e09,,,,,
in-664725e2834842f8,mentor colleagues,Soft,,0.577,Medium Low,Verified_MEDIUM,True,0.81,0.93,BERT+GPT,verified_skills.csv,skill_b940480aa49d,,,,,
in-6986500026189041,ask insightful questions,Soft,,0.887,High,Verified_HIGH,True,0.82,1.3,BERT+GPT,verified_skills.csv,skill_7d27d10a9648,,,,,
in-6c2932ac90eefa30,monitor user journeys,Hard,Analyze,0.81,High,Verified_HIGH,True,0.79,1.01,BERT+GPT,verified_skills.csv,skill_7004796743c0,,,,,
in-48920929fb5db222,wear multiple hats,Soft,,0.821,High,Verified_HIGH,True,0.78,1.27,BERT+GPT,verified_skills.csv,skill_55a1b1a877a4,,,,,
in-c8a52c2a1f7a97fe,build server-side foundations,Hard,Create,1.0,Very High,Verified_HIGH,True,0.83,1.26,BERT+GPT,verified_skills.csv,skill_51471cc7d9b4,,,,,
in-8968ba568e695892,provide commercial analysis,Hard,Apply,0.999,Very High,Verified_HIGH,True,0.86,1.28,BERT+GPT,verified_skills.csv,skill_2837868ef4e0,,,,,
in-2909130b7c628bf7,reduce incident response time,Hard,Apply,0.986,Very High,Verified_HIGH,True,0.8,1.28,BERT+GPT,verified_skills.csv,skill_20a19bb5bd98,,,,,
in-88d8ac4a97f40024,"cultivate an inclusive, growth-oriented team environment",Soft,,1.0,Very High,Verified_HIGH,True,0.84,1.17,BERT+GPT,verified_skills.csv,skill_d681092b5daa,,,,,
in-4c0e76d448ffc00d,deliver high-quality insights,Soft,,0.927,Very High,Verified_HIGH,True,0.85,1.41,BERT+GPT,verified_skills.csv,skill_89f70a65653f,,,,,
in-4b787ac6de0800eb,interpret data,Hard,Analyze,1.0,Very High,Verified_HIGH,True,0.8,1.3,BERT+GPT,verified_skills.csv,skill_add5adc75f76,,,,,
in-04dc159f00d6bd3a,offer styling advice,Soft,,0.864,High,Verified_HIGH,True,0.78,1.34,BERT+GPT,verified_skills.csv,skill_968b4ecc624d,,,,,
in-f1a3e8b5223190f6,"support system upgrades, automation, and integration of MDM tools",Hard,Evaluate,0.734,Medium High,Verified_MEDIUM,True,0.77,0.93,BERT+GPT,verified_skills.csv,skill_c24271cd9248,,,,,
in-e930c35b618edf8f,troubleshoot infrastructure issues,Hard,Analyze,1.0,Very High,Verified_HIGH,True,0.9,1.33,BERT+GPT,verified_skills.csv,skill_219d5f652c08,,,,,
in-1c71aa1adece6ee9,identify requirements,Hard,Analyze,1.0,Very High,Verified_HIGH,True,0.9,1.31,BERT+GPT,verified_skills.csv,skill_87ffff118faf,,,,,
in-f7abd010cae8a163,motivate the team,Soft,,1.0,Very High,Verified_HIGH,True,0.76,1.29,BERT+GPT,verified_skills.csv,skill_570739e891f8,,,,,
in-042960af102cf8ac,implement best practices,Hard,Apply,1.0,Very High,Verified_HIGH,True,0.8,1.42,BERT+GPT,verified_skills.csv,skill_8c61ac47631a,,,,,
in-bb99b75ad5707d11,maintain localisation documentation,Hard,Analyze,1.0,Very High,Verified_HIGH,True,0.9,1.22,BERT+GPT,verified_skills.csv,skill_b285e370e959,,,,,
in-5ced6d9107a6c537,ensure smooth build,Hard,Create,1.0,Very High,Verified_HIGH,True,0.77,1.28,BERT+GPT,verified_skills.csv,skill_21135f28a882,,,,,
in-0cc6bd4ef14d3d86,define alerts,Hard,Apply,0.74,Medium High,Verified_MEDIUM,True,0.78,0.93,BERT+GPT,verified_skills.csv,skill_525ce9bf9873,,,,,
in-bb99b75ad5707d11,troubleshoot localisation issues,Hard,Apply,1.0,Very High,Verified_HIGH,True,0.88,1.21,BERT+GPT,verified_skills.csv,skill_4b1efbc4dded,,,,,
in-edfabd3fa40a808b,adhere to SLA requirements,Hard,Apply,0.995,Very High,Verified_HIGH,True,0.78,1.3,BERT+GPT,verified_skills.csv,skill_0b896c0f372a,,,,,
in-248ab7c99e0437ed,develop automation scripts,Hard,Create,1.0,Very High,Verified_HIGH,True,0.84,1.23,BERT+GPT,verified_skills.csv,skill_0ceed34da26b,,,,,
in-025357527dc35d0d,develop solutions from first principles,Hard,Create,1.0,Very High,Verified_HIGH,True,0.81,1.25,BERT+GPT,verified_skills.csv,skill_c72d9fce5e5b,,,,,
in-776e4c08376c36b4,provide strategic leadership,Soft,,1.0,Very High,Verified_HIGH,True,0.82,1.21,BERT+GPT,verified_skills.csv,skill_58f1ac70e7bb,,,,,
in-05e62ee0a1067759,lead solution architecture discussions,Hard,Create,1.0,Very High,Verified_HIGH,True,1.0,1.26,BERT+GPT,verified_skills.csv,skill_b1ce5a81248b,,,,,
in-b1d04f8439b6fd2c,identify opportunities for growth,Soft,,0.65,Medium,Verified_MEDIUM,True,0.83,1.05,BERT+GPT,verified_skills.csv,skill_7aae96736c12,,,,,
in-b68dbc93bf7f7024,turn insights into action,Soft,,0.867,High,Verified_HIGH,True,0.77,1.36,BERT+GPT,verified_skills.csv,skill_235219262295,,,,,
in-4fb78df93424d89c,support sales teams,Soft,,0.866,High,Verified_HIGH,True,0.77,0.9,BERT+GPT,verified_skills.csv,skill_0351fd73e2c2,,,,,
in-22c718b3a2bc8602,communicate effectively,Soft,,0.858,High,Verified_HIGH,True,0.9,0.9,BERT+GPT,verified_skills.csv,skill_03cc07fb93f9,,,,,
in-3a39690aab779e8b,support evidence-based strategies,Hard,Evaluate,1.0,Very High,Verified_HIGH,True,0.87,1.43,BERT+GPT,verified_skills.csv,skill_4491150ff8d6,,,,,
in-f3684aa98572cf35,see issues from multiple perspectives,Soft,,0.811,High,Verified_HIGH,True,0.8,1.25,BERT+GPT,verified_skills.csv,skill_a7a91fefd8d2,,,,,
in-bda1107ba499c153,identify potential areas of process improvement,Hard,Create,1.0,Very High,Verified_HIGH,True,0.82,1.31,BERT+GPT,verified_skills.csv,skill_806a49d388d7,,,,,
in-c2f46f18a1a484d8,maintain clear communication channels,Soft,,1.0,Very High,Verified_HIGH,True,0.86,1.27,BERT+GPT,verified_skills.csv,skill_1680e995bc79,,,,,
in-ffb8aff903814d1d,champion financial governance,Hard,Apply,0.945,Very High,Verified_HIGH,True,0.87,1.2,BERT+GPT,verified_skills.csv,skill_25abc2965f66,,,,,
in-74fb7d67cfa0cf88,drive the operational business agenda,Soft,,0.819,High,Verified_HIGH,True,0.8,1.24,BERT+GPT,verified_skills.csv,skill_f79889a7e3be,,,,,
in-480433f7a9aff4fd,create network diagrams,Hard,Create,1.0,Very High,Verified_HIGH,True,0.82,1.24,BERT+GPT,verified_skills.csv,skill_2ac45c0141f7,,,,,
in-ba810b899bbfd90b,tackle challenges,Soft,,0.574,Medium Low,Verified_MEDIUM,True,0.81,0.9,BERT+GPT,verified_skills.csv,skill_650b854e1ee8,,,,,
in-256b83336c9899e4,collaborate with engineering leadership,Soft,,0.831,High,Verified_HIGH,True,0.87,1.25,BERT+GPT,verified_skills.csv,skill_f7f281349eb7,,,,,
in-709eb683a5ba770f,coordinate diverse tasks,Soft,,0.887,High,Verified_HIGH,True,0.83,1.37,BERT+GPT,verified_skills.csv,skill_c3802a08289e,,,,,
in-9bebd4d084f02ba0,build reliable data pipelines,Hard,Create,1.0,Very High,Verified_HIGH,True,0.81,1.35,BERT+GPT,verified_skills.csv,skill_18a1a0f8c422,,,,,
in-38f3773fcb0a5e37,support production,Hard,Evaluate,1.0,Very High,Verified_HIGH,True,0.88,1.31,BERT+GPT,verified_skills.csv,skill_3ac2f2b40e2c,,,,,
in-d6f5b1ef405322e7,conduct data analysis,Hard,Apply,1.0,Very High,Verified_HIGH,True,0.79,1.43,BERT+GPT,verified_skills.csv,skill_052ac9c8f8b9,,,,,
in-c1f39a75d50772c0,ensure adoption,Soft,,0.951,Very High,Verified_HIGH,True,0.81,1.38,BERT+GPT,verified_skills.csv,skill_d4bb96497a44,,,,,
in-6806e5c21d27a818,oversee development of reports,Hard,Create,1.0,Very High,Verified_HIGH,True,0.8,1.27,BERT+GPT,verified_skills.csv,skill_0b3bc1f8c66f,,,,,
in-0b694e1cd2c10626,conduct contextual analysis,Hard,Apply,0.725,Medium High,Verified_HIGH,True,0.86,0.97,BERT+GPT,verified_skills.csv,skill_5ddfe29c6b8a,,,,,
in-430af4601022bd07,develop programs,Hard,Create,1.0,Very High,Verified_HIGH,True,0.83,1.22,BERT+GPT,verified_skills.csv,skill_c442efa32a37,,,,,
in-c1d6edd749445125,optimize path to conversion,Hard,Evaluate,1.0,Very High,Verified_HIGH,True,0.77,1.28,BERT+GPT,verified_skills.csv,skill_933903818a29,,,,,
in-778480e11f3e5831,collaborate with global stakeholders,Soft,,0.879,High,Verified_HIGH,True,0.84,1.29,BERT+GPT,verified_skills.csv,skill_e5961119d6e7,,,,,
in-8612b8a83f90997f,use hands and fingers,Hard,Apply,1.0,Very High,Verified_HIGH,True,0.73,1.23,BERT+GPT,verified_skills.csv,skill_663700fd0355,,,,,
in-4ba5f15fe628d466,prioritize user privacy,Hard,Evaluate,1.0,Very High,Verified_HIGH,True,0.8,1.33,BERT+GPT,verified_skills.csv,skill_b2673cd4cbcf,,,,,
in-93762eb6d86a9831,develop capture side tone mapping algorithms,Hard,Create,1.0,Very High,Verified_HIGH,True,0.8,1.25,BERT+GPT,verified_skills.csv,skill_cdf4a622b4f6,,,,,
in-7af6513fd2aa9222,inform game design and implementations,Hard,Create,1.0,Very High,Verified_HIGH,True,0.78,1.31,BERT+GPT,verified_skills.csv,skill_2d30609844b0,,,,,
in-f7bdb497758a5bfa,complete design/documentation,Hard,Create,1.0,Very High,Verified_HIGH,True,0.86,1.41,BERT+GPT,verified_skills.csv,skill_25bda619e912,,,,,
in-a155cba4b0635237,verify risk premium calculations,Hard,Evaluate,1.0,Very High,Verified_HIGH,True,0.83,1.32,BERT+GPT,verified_skills.csv,skill_c4832c059634,,,,,
in-35db87ab4efa6927,resolve issues,Hard,Apply,1.0,Very High,Verified_HIGH,True,0.81,1.28,BERT+GPT,verified_skills.csv,skill_3f0f5761d39e,,,,,
in-fab64b1f35dc960b,lead research,Soft,,0.822,High,Verified_HIGH,True,0.78,1.22,BERT+GPT,verified_skills.csv,skill_52e0050a58ba,,,,,
in-ac46b5552a88b130,demonstrate interpersonal effectiveness,Soft,,1.0,Very High,Verified_HIGH,True,0.9,1.23,BERT+GPT,verified_skills.csv,skill_a4af774a2407,,,,,
in-d107997caf95d4e7,define workflows and approaches,Hard,Remember,0.827,High,Verified_HIGH,True,0.81,0.9,BERT+GPT,verified_skills.csv,skill_4a22082a844d,,,,,
in-8c4719679b173c62,craft engaging social content,Hard,Apply,1.0,Very High,Verified_HIGH,True,0.8,1.29,BERT+GPT,verified_skills.csv,skill_2481af7cfdf2,,,,,
in-af87cde151fe52e5,think outside of the box,Soft,,0.81,High,Verified_HIGH,True,0.72,1.25,BERT+GPT,verified_skills.csv,skill_1becafbb050a,,,,,
in-aca4ce0a134ba786,deliver excellent outcomes,Soft,,0.931,Very High,Verified_HIGH,True,0.84,1.43,BERT+GPT,verified_skills.csv,skill_a0dfb6ed1c0f,,,,,
in-67eb83d3188c0e50,scope work with clarity,Soft,,0.698,Medium,Verified_MEDIUM,True,0.75,1.15,BERT+GPT,verified_skills.csv,skill_c807a9b0dce2,,,,,
in-8144185181998b1d,demonstrate commitment,Soft,,0.771,Medium High,Verified_HIGH,True,0.9,1.27,BERT+GPT,verified_skills.csv,skill_cf87c71c0885,,,,,
in-ecb7db3700bc6ef4,focus on proactive solutions,Soft,,1.0,Very High,Verified_HIGH,True,0.83,1.27,BERT+GPT,verified_skills.csv,skill_f952d833f3fa,,,,,
in-7b739d1ad31207a6,support data-driven remediation activities,Hard,Evaluate,1.0,Very High,Verified_HIGH,True,0.86,1.24,BERT+GPT,verified_skills.csv,skill_d07f153490c0,,,,,
in-4018bb7bef9a18b4,interpret complex data,Hard,Understand,1.0,Very High,Verified_HIGH,True,0.8,1.29,BERT+GPT,verified_skills.csv,skill_df99d94a5972,,,,,
in-d68a5a419b82cc98,optimize outcomes,Hard,Evaluate,1.0,Very High,Verified_HIGH,True,0.85,1.29,BERT+GPT,verified_skills.csv,skill_ae350c346f35,,,,,
in-b3063ac854623dbf,work directly with leadership,Soft,,0.832,High,Verified_HIGH,True,0.8,1.34,BERT+GPT,verified_skills.csv,skill_85d0290e123f,,,,,
in-ad22b23e336a595f,manufacture products at scale,Hard,Apply,0.678,Medium,Verified_MEDIUM,True,0.79,0.9,BERT+GPT,verified_skills.csv,skill_bd6dfec409a0,,,,,
in-7670810cc6b6860f,implement multi-region cloud infrastructure,Hard,Analyze,1.0,Very High,Verified_HIGH,True,0.86,1.31,BERT+GPT,verified_skills.csv,skill_91743cf311be,,,,,
in-254b0aa9e605ea21,identify areas for improvement,Hard,Create,1.0,Very High,Verified_HIGH,True,0.8,1.37,BERT+GPT,verified_skills.csv,skill_530ff0b46b58,,,,,
in-2aad98f2c5443047,strategically integrate emerging technologies,Hard,Create,1.0,Very High,Verified_HIGH,True,0.9,1.22,BERT+GPT,verified_skills.csv,skill_c2832a648af0,,,,,
in-6fd7ab41fd9c572b,lead the delivery of complex cloud solution projects,Soft,,0.813,High,Verified_HIGH,True,0.77,1.25,BERT+GPT,verified_skills.csv,skill_80af454796c3,,,,,
in-1eb20bc48f9544f2,execute load testing strategies,Hard,Evaluate,1.0,Very High,Verified_HIGH,True,0.83,1.32,BERT+GPT,verified_skills.csv,skill_9af5638e1b5f,,,,,
in-e1fa0fe9d232901f,define problems,Soft,,0.922,Very High,Verified_HIGH,True,0.81,1.3,BERT+GPT,verified_skills.csv,skill_2ecc0f8c1441,,,,,
in-24524cc627c001dc,manage freelance staff,Soft,,0.95,Very High,Verified_HIGH,True,0.8,1.41,BERT+GPT,verified_skills.csv,skill_5ed223c0ac8a,,,,,
in-bd960c139301d487,conduct user research,Hard,Apply,0.982,Very High,Verified_HIGH,True,0.8,1.21,BERT+GPT,verified_skills.csv,skill_a4c374026814,,,,,
in-b3c4832b0397338d,understand business needs,Hard,Apply,0.898,High,Verified_HIGH,True,0.79,1.19,BERT+GPT,verified_skills.csv,skill_cfbdadcf7efa,,,,,
in-479f3cdc8236616c,draw meaningful conclusions,Hard,Apply,1.0,Very High,Verified_HIGH,True,0.85,1.3,BERT+GPT,verified_skills.csv,skill_7e5713048640,,,,,
in-5ffb4651de85ba50,communicate effectively,Soft,,0.931,Very High,Verified_HIGH,True,0.9,0.94,BERT+GPT,verified_skills.csv,skill_f85c770c3a89,,,,,
in-819e2c85c0264de3,identify problems with data,Hard,Analyze,0.8,High,Verified_HIGH,True,0.81,0.9,BERT+GPT,verified_skills.csv,skill_759a7579b8ec,,,,,
in-3fd15da51d3127a9,multitask responsibilities,Soft,,0.813,High,Verified_HIGH,True,0.9,1.22,BERT+GPT,verified_skills.csv,skill_b4ef6724be47,,,,,
in-52f9fa3ea3fe2d9f,crouch,Soft,,0.874,High,Verified_HIGH,True,0.78,1.35,BERT+GPT,verified_skills.csv,skill_e1f2c3f209a0,,,,,
in-813353b45bee7868,work on challenging projects,Soft,,0.772,Medium High,Verified_HIGH,True,0.79,1.3,BERT+GPT,verified_skills.csv,skill_c25d82b0da41,,,,,
in-4de83c1493239b0d,respond to architectural shifts,Hard,Create,0.969,Very High,Verified_HIGH,True,0.85,1.21,BERT+GPT,verified_skills.csv,skill_94a0e8037950,,,,,
in-c4772ca4a6054fd5,develop pipelines,Hard,Create,1.0,Very High,Verified_HIGH,True,0.86,1.22,BERT+GPT,verified_skills.csv,skill_bc0f2ff20fcd,,,,,
in-a4404f0e59a82960,write complex SQL queries,Hard,Create,1.0,Very High,Verified_HIGH,True,0.77,1.23,BERT+GPT,verified_skills.csv,skill_bbbda5750d1b,,,,,
in-188e6f6bd12da146,support audience engagement,Soft,,0.96,Very High,Verified_HIGH,True,0.85,1.43,BERT+GPT,verified_skills.csv,skill_2727a79ff036,,,,,
in-5fb97fcd4f0ec97b,apply data modelling techniques,Hard,Create,1.0,Very High,Verified_HIGH,True,0.82,1.25,BERT+GPT,verified_skills.csv,skill_aab16c4fe7e8,,,,,
in-6fe2eada9b7a12df,ensure projects are delivered on time,Soft,,0.908,Very High,Verified_HIGH,True,0.76,1.33,BERT+GPT,verified_skills.csv,skill_031a113c5f88,,,,,
in-428ff595195c4fdd,ensure data accuracy,Hard,Analyze,1.0,Very High,Verified_HIGH,True,0.79,1.21,BERT+GPT,verified_skills.csv,skill_680b1cd84ce5,,,,,
in-6aba2f5f1743e74b,test communication,Soft,,1.0,Very High,Verified_HIGH,True,0.88,1.24,BERT+GPT,verified_skills.csv,skill_dd1c05e0cfd0,,,,,
in-855044b97954a50e,handle or process light paperwork,Hard,Apply,0.869,High,Verified_HIGH,True,0.79,1.19,BERT+GPT,verified_skills.csv,skill_77b22728f9e9,,,,,
in-807e81a0a1d70fe2,manage cybersecurity incidents,Hard,Apply,1.0,Very High,Verified_HIGH,True,0.89,1.32,BERT+GPT,verified_skills.csv,skill_4808c8666a84,,,,,
in-d2cf6daab69cb6af,ensure legal and safety compliance,Hard,Analyze,0.976,Very High,Verified_HIGH,True,0.77,1.17,BERT+GPT,verified_skills.csv,skill_7f4c5b276b40,,,,,
in-2c2660e6788780e0,persevere,Soft,,0.821,High,Verified_HIGH,True,0.89,1.39,BERT+GPT,verified_skills.csv,skill_fac41b129f50,,,,,
in-1d7e13f2620e956d,design simulation pipelines,Hard,Create,1.0,Very High,Verified_HIGH,True,0.84,1.22,BERT+GPT,verified_skills.csv,skill_e9405c2c89e4,,,,,
in-0c18c460319d917e,leverage customer platforms,Hard,Apply,0.716,Medium High,Verified_MEDIUM,True,0.82,0.95,BERT+GPT,verified_skills.csv,skill_9567560a17a8,,,,,
in-01c38a61af0ee68d,influence technical strategies,Soft,,0.91,Very High,Verified_HIGH,True,0.88,1.34,BERT+GPT,verified_skills.csv,skill_04d86719ff4e,,,,,
in-68f1f087a965aeb3,deliver training,Soft,,0.825,High,Verified_HIGH,True,0.83,1.28,BERT+GPT,verified_skills.csv,skill_4d2210ac9d39,,,,,
in-37eb4bb48a565513,generate derived datasets,Hard,Create,1.0,Very High,Verified_HIGH,True,0.83,1.33,BERT+GPT,verified_skills.csv,skill_b3335a84ff27,,,,,
in-52c2e95a7ad98f6e,lead the security delivery function,Soft,,0.909,Very High,Verified_HIGH,True,0.79,1.43,BERT+GPT,verified_skills.csv,skill_0e67354207fd,,,,,
in-a49cea3601f65797,optimize data models,Hard,Create,1.0,Very High,Verified_HIGH,True,0.79,1.29,BERT+GPT,verified_skills.csv,skill_0f01d2b52eb1,,,,,
in-c8fbd47a2e4fad3e,solve customer problems,Soft,,0.82,High,Verified_HIGH,True,0.82,1.25,BERT+GPT,verified_skills.csv,skill_b4628e0f7793,,,,,
in-c96db00393ac24d5,enhance security features,Hard,Create,0.978,Very High,Verified_HIGH,True,0.82,1.03,BERT+GPT,verified_skills.csv,skill_c0477125e500,,,,,
in-1d6d6e798a7eca8f,oversee projects,Soft,,0.6,Medium,Verified_MEDIUM,True,0.85,0.93,BERT+GPT,verified_skills.csv,skill_c62c8b4c8f1d,,,,,
in-9c53e3f610a2b983,shape business decisions,Soft,,0.869,High,Verified_HIGH,True,0.82,1.43,BERT+GPT,verified_skills.csv,skill_1301d7b51388,,,,,
in-dbf53f01d734a046,oversee quality management,Hard,Apply,1.0,Very High,Verified_HIGH,True,0.84,1.43,BERT+GPT,verified_skills.csv,skill_ebea91c361ff,,,,,
in-4153dea8a62bfc33,facilitate art of the possible discussions,Soft,,0.826,High,Verified_HIGH,True,0.79,1.25,BERT+GPT,verified_skills.csv,skill_2d4e4fb2ed6d,,,,,
in-dee6fdf6687d0637,drive integration excellence,Hard,Apply,0.969,Very High,Verified_HIGH,True,0.87,1.25,BERT+GPT,verified_skills.csv,skill_62f981dd2c93,,,,,
in-cf4a94a05f291443,lead the development of wastewater models,Hard,Create,1.0,Very High,Verified_HIGH,True,0.78,1.34,BERT+GPT,verified_skills.csv,skill_fec77c4c2692,,,,,
in-c9b1527d44d510e7,demonstrate product features,Hard,Evaluate,0.994,Very High,Verified_HIGH,True,0.87,1.26,BERT+GPT,verified_skills.csv,skill_227ca9fa933e,,,,,
in-6c05d56a44786edb,work closely with senior product managers,Soft,,1.0,Very High,Verified_HIGH,True,0.79,1.36,BERT+GPT,verified_skills.csv,skill_5c0557c6a9b1,,,,,
in-2d0ccdc10653d678,remediate vulnerabilities,Hard,Apply,0.922,Very High,Verified_HIGH,True,0.89,1.18,BERT+GPT,verified_skills.csv,skill_506aef1331fe,,,,,
in-9be23f000a177415,build client relationships,Soft,,0.878,High,Verified_HIGH,True,0.84,0.99,BERT+GPT,verified_skills.csv,skill_1a8ca35aa595,,,,,
in-8243bf04e4bfdecf,define Service Level Objectives,Hard,Apply,0.77,Medium High,Verified_HIGH,True,0.81,0.93,BERT+GPT,verified_skills.csv,skill_8805b8acc732,,,,,
in-70d9729b33e91bda,embed security controls in infrastructure designs,Hard,Create,0.996,Very High,Verified_HIGH,True,0.82,1.25,BERT+GPT,verified_skills.csv,skill_b57349bdec2f,,,,,
in-15bed92cae2adb11,develop data ecosystems,Hard,Create,1.0,Very High,Verified_HIGH,True,0.81,1.27,BERT+GPT,verified_skills.csv,skill_153aee2cad00,,,,,
in-39237b35cdd13fe9,drive DevOps strategy,Hard,Evaluate,1.0,Very High,Verified_HIGH,True,0.79,1.28,BERT+GPT,verified_skills.csv,skill_12ec9b43e3f2,,,,,
in-1a8a7e6f04ef29bf,ensure commitments are met or exceeded,Soft,,0.909,Very High,Verified_HIGH,True,0.76,1.31,BERT+GPT,verified_skills.csv,skill_b62961534c3d,,,,,
in-78942caa03e57461,work collaboratively,Soft,,0.817,High,Verified_HIGH,True,0.89,1.25,BERT+GPT,verified_skills.csv,skill_fae6e2cdc3da,,,,,
in-3507d5458ccd4401,maintain collaborative working relationships,Soft,,1.0,Very High,Verified_HIGH,True,0.9,1.3,BERT+GPT,verified_skills.csv,skill_8e7f46f4b60a,,,,,
in-5cc41760b9b27e2c,establish common capabilities,Soft,,0.773,Medium High,Verified_HIGH,True,0.87,1.18,BERT+GPT,verified_skills.csv,skill_ae53da0ca7b1,,,,,
in-6b3c51ca9ff17077,identify process improvements,Soft,,0.879,High,Verified_HIGH,True,0.89,1.29,BERT+GPT,verified_skills.csv,skill_28e3609f8546,,,,,
in-c5b6ade82a5c0331,deliver value for the customer,Soft,,0.89,High,Verified_HIGH,True,0.77,1.24,BERT+GPT,verified_skills.csv,skill_634081d31cff,,,,,
in-2a9d9d868821c05d,deliver tech solutions,Hard,Apply,0.971,Very High,Verified_HIGH,True,0.82,1.23,BERT+GPT,verified_skills.csv,skill_d0541d906291,,,,,
in-616aecc7d71351ef,proactively keep abreast with industry trends,Soft,,0.833,High,Verified_HIGH,True,0.8,1.29,BERT+GPT,verified_skills.csv,skill_4bb1bfa66e11,,,,,
in-2abb6368735b3dfd,evaluate requirements,Hard,Evaluate,1.0,Very High,Verified_HIGH,True,0.9,1.34,BERT+GPT,verified_skills.csv,skill_92a32b02f336,,,,,
in-003ddf7fdc1b05bf,communicate clearly at all levels,Soft,,0.783,Medium High,Verified_HIGH,True,0.77,1.23,BERT+GPT,verified_skills.csv,skill_4d85bd02b77c,,,,,
in-c1fc5c63a509a8a9,contribute to large design systems,Hard,Create,1.0,Very High,Verified_HIGH,True,0.79,1.23,BERT+GPT,verified_skills.csv,skill_a661a3fb9339,,,,,
in-6f03b52073ef55e2,implement new regulatory reporting requirements,Hard,Apply,1.0,Very High,Verified_HIGH,True,0.85,1.21,BERT+GPT,verified_skills.csv,skill_c3782840b34d,,,,,
in-776e4c08376c36b4,support a G6,Soft,,0.798,Medium High,Verified_HIGH,True,0.71,1.24,BERT+GPT,verified_skills.csv,skill_945a7b16fa44,,,,,
in-1c79f1ab7b2bd57a,balance priorities,Soft,,0.945,Very High,Verified_HIGH,True,0.86,1.36,BERT+GPT,verified_skills.csv,skill_88e11da0c954,,,,,
in-acf918fb662026c0,improve career relevance,Soft,,0.708,Medium High,Verified_MEDIUM,True,0.83,1.21,BERT+GPT,verified_skills.csv,skill_da0f99f71a0a,,,,,
in-9efa3a5f2afb4b37,communicate effectively,Soft,,0.911,Very High,Verified_HIGH,True,0.9,0.97,BERT+GPT,verified_skills.csv,skill_317e817e06ab,,,,,
in-428ff595195c4fdd,lead migration and integration of reporting frameworks,Hard,Understand,0.712,Medium High,Verified_MEDIUM,True,0.82,0.94,BERT+GPT,verified_skills.csv,skill_764972b71a1d,,,,,
in-680860f4c06bd062,foster an automation-first mindset,Soft,,0.928,Very High,Verified_HIGH,True,0.82,1.41,BERT+GPT,verified_skills.csv,skill_13eb78488a02,,,,,
in-f9866846b1ea3f63,mentor fellow developers,Soft,,0.89,High,Verified_HIGH,True,0.82,1.3,BERT+GPT,verified_skills.csv,skill_34f747876762,,,,,
in-d6e374e50a9d3d2a,communicate effectively with senior managers,Soft,,0.954,Very High,Verified_HIGH,True,0.84,1.41,BERT+GPT,verified_skills.csv,skill_85db1f0f716f,,,,,
in-4a656605e60ee2cb,take ownership of customer problems,Soft,,0.781,Medium High,Verified_HIGH,True,0.79,1.23,BERT+GPT,verified_skills.csv,skill_b223f4da8321,,,,,
in-ad58295aa0ced8a7,apply intelligence practices,Hard,Apply,1.0,Very High,Verified_HIGH,True,0.86,1.37,BERT+GPT,verified_skills.csv,skill_cf1023053b27,,,,,
in-b8a8e9c48f678d5b,uncover data engineering use cases,Hard,Create,1.0,Very High,Verified_HIGH,True,0.78,1.3,BERT+GPT,verified_skills.csv,skill_7cc83a975297,,,,,
in-318f66ca610a8a60,conduct discovery sessions,Soft,,0.937,Very High,Verified_HIGH,True,0.84,1.36,BERT+GPT,verified_skills.csv,skill_a73d282e0d49,,,,,
in-6d965011982f8544,lead a team,Soft,,1.0,Very High,Verified_HIGH,True,0.69,1.3,BERT+GPT,verified_skills.csv,skill_3a43caa32cfc,,,,,
in-0fdd4691c7650b15,interpret instructions,Soft,,0.911,Very High,Verified_HIGH,True,0.84,1.28,BERT+GPT,verified_skills.csv,skill_50d8167d9cd2,,,,,
in-f4c971fca4c0be2a,focus on high-value pursuits,Soft,,0.575,Medium Low,Verified_MEDIUM,True,0.8,0.9,BERT+GPT,verified_skills.csv,skill_b2e75e9dcb10,,,,,
in-8a5aa2bdb0c31f06,collaborate with multidisciplinary team,Soft,,1.0,Very High,Verified_HIGH,True,0.83,1.25,BERT+GPT,verified_skills.csv,skill_9db06df9b00b,,,,,
in-87baa49042e7576e,fine-tune state-of-the-art LLMs,Hard,Evaluate,1.0,Very High,Verified_HIGH,True,0.81,1.3,BERT+GPT,verified_skills.csv,skill_2f873f7c3ce7,,,,,
in-776e4c08376c36b4,shape an advanced analytics and intelligence unit,Hard,Apply,0.731,Medium High,Verified_MEDIUM,True,0.78,0.96,BERT+GPT,verified_skills.csv,skill_04b5e2ceea42,,,,,
in-3f522763e0c75d27,develop strategic and operational objectives,Hard,Create,0.799,Medium High,Verified_HIGH,True,0.87,0.96,BERT+GPT,verified_skills.csv,skill_74e847267337,,,,,
in-1e8d401875ab7ace,improve CI/CD pipelines,Hard,Create,1.0,Very High,Verified_HIGH,True,0.77,1.4,BERT+GPT,verified_skills.csv,skill_5fb65d946aae,,,,,
in-f73d09e402575fbb,create branded templates,Hard,Create,1.0,Very High,Verified_HIGH,True,0.83,1.29,BERT+GPT,verified_skills.csv,skill_a0e8d5729c96,,,,,
in-259ac17f976cee0f,read and interpret drawings,Hard,Understand,1.0,Very High,Verified_HIGH,True,0.82,1.25,BERT+GPT,verified_skills.csv,skill_e012d623b1ea,,,,,
in-d20e5f4ebe53eaf4,implement acquisition strategies,Hard,Evaluate,1.0,Very High,Verified_HIGH,True,0.9,1.28,BERT+GPT,verified_skills.csv,skill_1e30b548737a,,,,,
in-c01fa59fa2b211b4,drive technical processes,Hard,Apply,0.806,High,Verified_HIGH,True,0.85,1.07,BERT+GPT,verified_skills.csv,skill_b2adef7a87b3,,,,,
in-9c2d24eeb2bf49a0,contribute to budgeting and forecasting,Hard,Apply,0.893,High,Verified_HIGH,True,0.81,1.17,BERT+GPT,verified_skills.csv,skill_07765219f536,,,,,
in-c631fe2c90f85e0b,stay informed on emerging trends,Soft,,0.868,High,Verified_HIGH,True,0.78,1.33,BERT+GPT,verified_skills.csv,skill_2391fcf7cd76,,,,,
in-1e68cb58550cf935,track success rates,Hard,Evaluate,0.743,Medium High,Verified_HIGH,True,0.78,0.99,BERT+GPT,verified_skills.csv,skill_8e30b3ce9736,,,,,
in-7488f61ac669136c,make content universally accessible,Soft,,0.859,High,Verified_HIGH,True,0.84,1.26,BERT+GPT,verified_skills.csv,skill_e38d879a6917,,,,,
in-f8d9e3eff2461aab,learn from real-world case studies,Soft,,0.9,High,Verified_HIGH,True,0.77,1.39,BERT+GPT,verified_skills.csv,skill_feac43bcf626,,,,,
in-5237efc62329ae7d,gather requirements,Hard,Apply,1.0,Very High,Verified_HIGH,True,0.87,1.29,BERT+GPT,verified_skills.csv,skill_8d01b871d9ca,,,,,
in-3dc1e4a2c88ec445,work within a team,Soft,,1.0,Very High,Verified_HIGH,True,0.72,1.25,BERT+GPT,verified_skills.csv,skill_3b8b1e3333d1,,,,,
in-0a1d532e21f48310,support organisational transformation,Soft,,0.903,Very High,Verified_HIGH,True,0.9,1.23,BERT+GPT,verified_skills.csv,skill_50698fe6d968,,,,,
in-faa1372fbf1b09ad,manage COTS stack,Hard,Apply,1.0,Very High,Verified_HIGH,True,0.74,1.34,BERT+GPT,verified_skills.csv,skill_8c64f609be75,,,,,
in-6d7865a492e1980f,lead developer engagement,Soft,,0.954,Very High,Verified_HIGH,True,0.84,1.41,BERT+GPT,verified_skills.csv,skill_34487574299b,,,,,
in-e9db8e334fe6f7da,ensure cost-effective execution,Soft,,0.773,Medium High,Verified_HIGH,True,0.86,1.19,BERT+GPT,verified_skills.csv,skill_8a925b7e6de6,,,,,
in-709eb683a5ba770f,take ownership of land subdivision projects,Hard,Create,1.0,Very High,Verified_HIGH,True,0.76,1.38,BERT+GPT,verified_skills.csv,skill_faefdd579a74,,,,,
in-ecdfa1ca39fd10ab,shape global logistics capabilities,Soft,,0.948,Very High,Verified_HIGH,True,0.84,1.43,BERT+GPT,verified_skills.csv,skill_82a374d28ab1,,,,,
in-94c4ca42ca67fc98,implement a scalable data warehouse,Hard,Apply,1.0,Very High,Verified_HIGH,True,0.79,1.4,BERT+GPT,verified_skills.csv,skill_23608c1fd781,,,,,
in-3d8092d243488a67,improve efficiency,Soft,,0.938,Very High,Verified_HIGH,True,0.86,1.34,BERT+GPT,verified_skills.csv,skill_fa9cd13d4963,,,,,
in-09a0aab1a3b1e780,educate colleagues on technical concepts,Hard,Apply,0.94,Very High,Verified_HIGH,True,0.82,1.2,BERT+GPT,verified_skills.csv,skill_8c28d1628c6c,,,,,
in-360283897c6c1715,lead initiatives,Soft,,0.796,Medium High,Verified_HIGH,True,0.82,1.22,BERT+GPT,verified_skills.csv,skill_4c207e7ffda7,,,,,
in-6aa70f00e784be7a,guide multiple squads,Hard,Apply,0.972,Very High,Verified_HIGH,True,0.8,1.24,BERT+GPT,verified_skills.csv,skill_9db9af3b7b4f,,,,,
in-f74c9cb1b22d819b,evaluate critical thinking,Hard,Evaluate,0.986,Very High,Verified_HIGH,True,0.84,1.19,BERT+GPT,verified_skills.csv,skill_7cf64b8cc9f8,,,,,
in-d643f5f4e1c978f5,develop proof of concepts,Hard,Create,1.0,Very High,Verified_HIGH,True,0.78,1.29,BERT+GPT,verified_skills.csv,skill_21b45aa09b96,,,,,
in-8968ba568e695892,enable better decisions,Soft,,0.849,High,Verified_HIGH,True,0.81,1.3,BERT+GPT,verified_skills.csv,skill_0f104d153f72,,,,,
in-edac452d2c6157f4,automate manual processes,Hard,Create,1.0,Very High,Verified_HIGH,True,0.84,1.34,BERT+GPT,verified_skills.csv,skill_54cc2a641d81,,,,,
in-a6f8576a187e1494,maintain drawing filing system,Hard,Analyze,1.0,Very High,Verified_HIGH,True,0.8,1.31,BERT+GPT,verified_skills.csv,skill_5b015a4ca186,,,,,
in-89ea52f0c4aa0aaf,ensure successful implementation of AI solutions,Hard,Analyze,1.0,Very High,Verified_HIGH,True,0.82,1.42,BERT+GPT,verified_skills.csv,skill_9bf9cb4652f9,,,,,
in-9f5a80b22d541e0f,maintain procedures,Hard,Analyze,1.0,Very High,Verified_HIGH,True,0.88,1.21,BERT+GPT,verified_skills.csv,skill_d2b4635f84b8,,,,,
in-1ecaf549816279a7,create requirements,Hard,Create,1.0,Very High,Verified_HIGH,True,0.87,1.34,BERT+GPT,verified_skills.csv,skill_ee77e3b6d4c1,,,,,
in-98673afa2d998df6,generate detailed 2D drawings,Hard,Create,1.0,Very High,Verified_HIGH,True,0.8,1.28,BERT+GPT,verified_skills.csv,skill_2ae08140f066,,,,,
in-3586e1bc8f657d36,facilitate meetings,Soft,,0.863,High,Verified_HIGH,True,0.88,1.32,BERT+GPT,verified_skills.csv,skill_60a11308d9dd,,,,,
in-473c2eede1ec2e98,maintain clear background check,Soft,,0.882,High,Verified_HIGH,True,0.79,1.19,BERT+GPT,verified_skills.csv,skill_550867931ff9,,,,,
in-dcd8dd1044f2926f,provide recommendations for corrective action,Hard,Evaluate,1.0,Very High,Verified_HIGH,True,0.85,1.3,BERT+GPT,verified_skills.csv,skill_6f91eafe7407,,,,,
in-810d683b63fef667,carry equipment,Hard,Apply,1.0,Very High,Verified_HIGH,True,0.84,1.39,BERT+GPT,verified_skills.csv,skill_e290701c5913,,,,,
in-b0e3d6930bef9118,execute complex mechanicals,Hard,Apply,1.0,Very High,Verified_HIGH,True,0.86,1.23,BERT+GPT,verified_skills.csv,skill_2f58ec468556,,,,,
in-0c979b87ec2ab37a,review daily logs,Hard,Evaluate,1.0,Very High,Verified_HIGH,True,0.74,1.23,BERT+GPT,verified_skills.csv,skill_722e322172f7,,,,,
in-ee21c40b782ba960,exercise a high degree of confidentiality,Soft,,0.888,High,Verified_HIGH,True,0.78,1.36,BERT+GPT,verified_skills.csv,skill_6ba7be4afe91,,,,,
in-f34513419081b047,liaise with operational teams,Soft,,1.0,Very High,Verified_HIGH,True,0.8,1.33,BERT+GPT,verified_skills.csv,skill_677bc7170a84,,,,,
in-2c0556e69a0114b9,create and maintain self-service troubleshooting tools,Hard,Create,1.0,Very High,Verified_HIGH,True,0.84,1.23,BERT+GPT,verified_skills.csv,skill_6e07d41c497f,,,,,
in-8bf51c5750de8cc5,analyze vulnerability and threat information,Hard,Analyze,1.0,Very High,Verified_HIGH,True,0.87,1.25,BERT+GPT,verified_skills.csv,skill_d8c14b43a399,,,,,
in-4791446f73f328c6,drive business strategy,Soft,,0.888,High,Verified_HIGH,True,0.81,1.3,BERT+GPT,verified_skills.csv,skill_3d045359b216,,,,,
in-9635dea74c3d6ddb,prioritize impact,Soft,,0.901,Very High,Verified_HIGH,True,0.84,1.29,BERT+GPT,verified_skills.csv,skill_689affd04b29,,,,,
in-adf21da61c7c369c,develop new branches within the architecture,Hard,Create,1.0,Very High,Verified_HIGH,True,0.9,1.42,BERT+GPT,verified_skills.csv,skill_74488c5d37d1,,,,,
in-30dff0062467bf09,act as a technical leader,Soft,,0.816,High,Verified_HIGH,True,0.73,1.3,BERT+GPT,verified_skills.csv,skill_88759f370ba3,,,,,
in-cc5cf5ec1d00f62b,define technical requirements,Hard,Remember,1.0,Very High,Verified_HIGH,True,0.87,1.36,BERT+GPT,verified_skills.csv,skill_d45ee13d6143,,,,,
in-825b355a5f221ab7,communicate design intent,Soft,,0.94,Very High,Verified_HIGH,True,0.84,1.35,BERT+GPT,verified_skills.csv,skill_9367e50b390a,,,,,
in-f1baf5dcfa4ddbe5,ensure AI system safety,Hard,Analyze,1.0,Very High,Verified_HIGH,True,0.74,1.23,BERT+GPT,verified_skills.csv,skill_35146fdb689e,,,,,
in-3f1a06ce6324d07d,highlight risks and opportunities,Hard,Remember,0.85,High,Verified_HIGH,True,0.84,0.99,BERT+GPT,verified_skills.csv,skill_050275fb387b,,,,,
in-d9af7cfcdf56d4a9,evangelize reusable patterns,Soft,,0.811,High,Verified_HIGH,True,0.86,1.24,BERT+GPT,verified_skills.csv,skill_d85a9e9f2ab0,,,,,
in-1239bddc45bc3b7c,implement best practices,Hard,Apply,1.0,Very High,Verified_HIGH,True,0.83,1.29,BERT+GPT,verified_skills.csv,skill_7063858ca424,,,,,
in-24aca4c148c84107,optimize complex enterprise firewall estates,Hard,Evaluate,1.0,Very High,Verified_HIGH,True,0.82,1.38,BERT+GPT,verified_skills.csv,skill_5610d0a5be01,,,,,
in-a228d6ecd93cdff5,collaborate with other departments,Soft,,0.837,High,Verified_HIGH,True,0.84,1.28,BERT+GPT,verified_skills.csv,skill_f1e796768b85,,,,,
in-003b7148c1d9726c,execute brand design systems,Hard,Create,1.0,Very High,Verified_HIGH,True,0.79,1.2,BERT+GPT,verified_skills.csv,skill_06faff487386,,,,,
in-81bdba459a6cac03,lead client-facing product engineering team,Soft,,1.0,Very High,Verified_HIGH,True,0.82,1.3,BERT+GPT,verified_skills.csv,skill_89f129f530a3,,,,,
in-146e308f97395589,create instructor-led training,Hard,Create,1.0,Very High,Verified_HIGH,True,0.83,1.24,BERT+GPT,verified_skills.csv,skill_226b3db0d5ef,,,,,
in-970c2a02b83d0def,resolve technical issues,Hard,Apply,1.0,Very High,Verified_HIGH,True,0.83,1.29,BERT+GPT,verified_skills.csv,skill_4595b6b4ee3e,,,,,
in-332d3bdd0ecc713c,mentor AI professionals,Soft,,1.0,Very High,Verified_HIGH,True,0.8,1.19,BERT+GPT,verified_skills.csv,skill_2605bcb09ad6,,,,,
in-0a082c78b5707e5c,create lightweight specs,Hard,Create,0.749,Medium High,Verified_HIGH,True,0.83,0.93,BERT+GPT,verified_skills.csv,skill_d32c0ab00818,,,,,
in-99fc1ef3ac524b71,implement AI systems,Hard,Apply,1.0,Very High,Verified_HIGH,True,0.79,1.26,BERT+GPT,verified_skills.csv,skill_042836fb060b,,,,,
in-0f38cde44555d389,make data-driven decisions,Hard,Apply,0.845,High,Verified_HIGH,True,0.82,1.25,BERT+GPT,verified_skills.csv,skill_25bf30de616d,,,,,
in-67c62424d129d145,identify opportunities for automation,Hard,Analyze,1.0,Very High,Verified_HIGH,True,0.86,1.25,BERT+GPT,verified_skills.csv,skill_7650821b86f4,,,,,
in-4ff5628475fc1c53,nurture 3rd party partnerships,Soft,,0.849,High,Verified_HIGH,True,0.81,1.3,BERT+GPT,verified_skills.csv,skill_e2dfa5643876,,,,,
in-7c1cd84b56a339cb,enhance processes,Soft,,0.946,Very High,Verified_HIGH,True,0.84,1.36,BERT+GPT,verified_skills.csv,skill_f6df2481a15b,,,,,
in-f5b8cdd046c6e72f,create impactful spaces,Hard,Create,1.0,Very High,Verified_HIGH,True,0.81,1.39,BERT+GPT,verified_skills.csv,skill_710224224ea6,,,,,
in-cf3ae9f7157811c8,exhibit influence within a work group,Soft,,0.852,High,Verified_HIGH,True,0.76,1.34,BERT+GPT,verified_skills.csv,skill_214210b32dc3,,,,,
in-c832bb4631e2edf1,monitor system performance and availability,Hard,Analyze,0.816,High,Verified_HIGH,True,0.85,0.92,BERT+GPT,verified_skills.csv,skill_c133e95abb22,,,,,
in-9bf4d6d9ee1e4a14,be resilient to change,Soft,,0.803,High,Verified_HIGH,True,0.75,1.28,BERT+GPT,verified_skills.csv,skill_3328d67480a4,,,,,
in-0c269122518ebb4a,obtain weights,Hard,Evaluate,1.0,Very High,Verified_HIGH,True,0.82,1.4,BERT+GPT,verified_skills.csv,skill_5e1afbaed09e,,,,,
in-e63fe78a3ca10162,translate complex customer requirements into sophisticated C++ algorithms,Hard,Understand,1.0,Very High,Verified_HIGH,True,0.84,1.1,BERT+GPT,verified_skills.csv,skill_dd8589c995aa,,,,,
in-d9cadd0e5390cadd,keep the bad ideas from draining resources,Soft,,0.864,High,Verified_HIGH,True,0.75,1.33,BERT+GPT,verified_skills.csv,skill_9e31610bc496,,,,,
in-62f9f4b08ed6080c,build data pipelines,Hard,Create,1.0,Very High,Verified_HIGH,True,0.8,1.28,BERT+GPT,verified_skills.csv,skill_40a95336eb56,,,,,
in-e4367403c9073b78,lead research project activities,Soft,,0.867,High,Verified_HIGH,True,0.82,1.29,BERT+GPT,verified_skills.csv,skill_5506202996c0,,,,,
in-6f63caf96ed89488,document designs,Hard,Create,1.0,Very High,Verified_HIGH,True,0.8,1.26,BERT+GPT,verified_skills.csv,skill_90e6eb50e324,,,,,
in-314bf2f7154016b0,track KPIs,Hard,Apply,0.957,Very High,Verified_HIGH,True,0.76,1.26,BERT+GPT,verified_skills.csv,skill_a2146aadcc23,,,,,
in-64b71cd451ab467d,build a design system,Hard,Create,1.0,Very High,Verified_HIGH,True,0.74,1.33,BERT+GPT,verified_skills.csv,skill_74181bc1ac57,,,,,
in-66bd0bd9e22e1b24,understand technical concepts,Hard,Apply,0.996,Very High,Verified_HIGH,True,0.87,1.24,BERT+GPT,verified_skills.csv,skill_ca56a8c4e77c,,,,,
in-5ba3e164049c8285,stay organized,Soft,,0.555,Medium Low,Verified_MEDIUM,True,0.83,1.0,BERT+GPT,verified_skills.csv,skill_deac60ef7bd6,,,,,
in-6c2932ac90eefa30,manage product backlogs,Hard,Analyze,1.0,Very High,Verified_HIGH,True,0.82,1.31,BERT+GPT,verified_skills.csv,skill_a28f75775c27,,,,,
in-f8b76313c08eb39f,collaborate effectively as part of a wider engineering team,Soft,,1.0,Very High,Verified_HIGH,True,0.77,1.43,BERT+GPT,verified_skills.csv,skill_8a7ad83210a8,,,,,
in-d95bcffc8f8fe5f4,challenge oneself,Soft,,0.816,High,Verified_HIGH,True,0.86,1.25,BERT+GPT,verified_skills.csv,skill_889ac750f2bf,,,,,
in-63320490e7520922,execute adaptive project work,Hard,Apply,1.0,Very High,Verified_HIGH,True,0.82,1.24,BERT+GPT,verified_skills.csv,skill_dcb8acd4a32f,,,,,
in-962acf1673a13b84,influence cross-functional stakeholders,Soft,,0.807,High,Verified_HIGH,True,0.89,1.25,BERT+GPT,verified_skills.csv,skill_af20d6f54779,,,,,
in-21516a8118f522a2,identify and articulate user needs,Hard,Analyze,1.0,Very High,Verified_HIGH,True,0.79,1.28,BERT+GPT,verified_skills.csv,skill_0ed80d9e6e7b,,,,,
in-8e022a73a2845121,structure joint business plans,Hard,Create,1.0,Very High,Verified_HIGH,True,0.8,1.26,BERT+GPT,verified_skills.csv,skill_d734eaf0e50d,,,,,
in-2edb16a636ded3e5,translate clinical questions into SQL queries,Hard,Analyze,0.934,Very High,Verified_HIGH,True,0.82,1.15,BERT+GPT,verified_skills.csv,skill_81f41a79256b,,,,,
in-6b3c51ca9ff17077,provide authoritative guidance on test strategies,Soft,,0.869,High,Verified_HIGH,True,0.82,1.3,BERT+GPT,verified_skills.csv,skill_82e78af3d187,,,,,
in-abffb4e6bdbbaa41,adapt to evolving documentation practices,Soft,,0.834,High,Verified_HIGH,True,0.86,1.22,BERT+GPT,verified_skills.csv,skill_9b2e3ad65db2,,,,,
in-e3c65182d3566ccd,help residents develop painting techniques,Soft,,0.911,Very High,Verified_HIGH,True,0.82,1.27,BERT+GPT,verified_skills.csv,skill_5f5987c0ec9d,,,,,
in-ae2e09e9e25b8846,build distributed systems for scale,Hard,Create,1.0,Very High,Verified_HIGH,True,0.8,1.29,BERT+GPT,verified_skills.csv,skill_7d6634c26baa,,,,,
in-6c6bf99d3c80ac70,gather requirements,Soft,,0.864,High,Verified_HIGH,True,0.87,1.33,BERT+GPT,verified_skills.csv,skill_6bcc5da449cb,,,,,
in-7abdc09517bde878,remove project or team roadblocks,Soft,,1.0,Very High,Verified_HIGH,True,0.77,1.3,BERT+GPT,verified_skills.csv,skill_dd354eb5e6fe,,,,,
in-6986500026189041,listen actively,Soft,,1.0,Very High,Verified_HIGH,True,0.81,1.3,BERT+GPT,verified_skills.csv,skill_b726d6ace71a,,,,,
in-006cabb967c85168,interact with manufacturing engineers,Soft,,0.815,High,Verified_HIGH,True,0.86,1.24,BERT+GPT,verified_skills.csv,skill_08426df62f74,,,,,
in-5fe5a4e851dbf027,ensure support governance framework is adhered to,Hard,Evaluate,1.0,Very High,Verified_HIGH,True,0.87,1.26,BERT+GPT,verified_skills.csv,skill_1ee4e6dbc355,,,,,
in-dbb632aef26df477,write grant proposals,Hard,Create,1.0,Very High,Verified_HIGH,True,0.8,1.3,BERT+GPT,verified_skills.csv,skill_89a25cdf9d43,,,,,
in-8fe3085f2c39b0f1,build AI-driven software,Hard,Create,1.0,Very High,Verified_HIGH,True,0.8,1.41,BERT+GPT,verified_skills.csv,skill_0ff9b4c44098,,,,,
in-248ab7c99e0437ed,collaborate with cross-functional teams,Soft,,1.0,Very High,Verified_HIGH,True,0.84,1.23,BERT+GPT,verified_skills.csv,skill_92d6354d3eeb,,,,,
in-c1d6edd749445125,suggest topics for new content,Soft,,0.816,High,Verified_HIGH,True,0.76,1.27,BERT+GPT,verified_skills.csv,skill_088eb872599a,,,,,
in-9187a968e8e70d08,"recommend new hardware, software, and services",Hard,Evaluate,0.913,Very High,Verified_HIGH,True,0.8,0.94,BERT+GPT,verified_skills.csv,skill_f97ae2f966bd,,,,,
in-e5d11cdff1a58af2,ensure safety,Soft,,0.536,Medium Low,Verified_MEDIUM,True,0.77,0.9,BERT+GPT,verified_skills.csv,skill_3e14d4928da2,,,,,
in-2d24e9af5fabacfe,enhance environmental and sustainability outcomes,Soft,,0.72,Medium High,Verified_HIGH,True,0.89,1.21,BERT+GPT,verified_skills.csv,skill_b6a600720bcf,,,,,
in-9e4b2aed4e605604,guide delivery of high-quality consumer products,Soft,,0.765,Medium High,Verified_HIGH,True,0.78,1.19,BERT+GPT,verified_skills.csv,skill_e809ed0bb7ee,,,,,
in-8c546220389c8490,build consensus,Soft,,0.9,High,Verified_HIGH,True,0.81,1.23,BERT+GPT,verified_skills.csv,skill_55d20c3187f9,,,,,
in-2c01ddb07c80b81a,undertake multiple tasks,Soft,,0.798,Medium High,Verified_HIGH,True,0.82,1.22,BERT+GPT,verified_skills.csv,skill_469168608782,,,,,
in-4c2ffda5f6d69e71,develop project schedules,Hard,Create,1.0,Very High,Verified_HIGH,True,0.82,1.3,BERT+GPT,verified_skills.csv,skill_282d33cf16a7,,,,,
in-4c01dba0d6b32164,lead API-first architecture adoption,Hard,Create,1.0,Very High,Verified_HIGH,True,1.0,1.43,BERT+GPT,verified_skills.csv,skill_e4b63fdebf19,,,,,
in-006cabb967c85168,identify machine learning opportunities,Hard,Analyze,1.0,Very High,Verified_HIGH,True,0.88,1.24,BERT+GPT,verified_skills.csv,skill_a6a6c9aeacac,,,,,
in-6c6bf99d3c80ac70,define and implement a dashboard development roadmap,Hard,Create,1.0,Very High,Verified_HIGH,True,0.81,1.32,BERT+GPT,verified_skills.csv,skill_735467e5a736,,,,,
in-c8fbd47a2e4fad3e,lead cross-functional teams,Soft,,1.0,Very High,Verified_HIGH,True,0.83,1.23,BERT+GPT,verified_skills.csv,skill_9f939a580a7e,,,,,
in-559acc62bcf7daf8,conduct wellness programs,Hard,Create,1.0,Very High,Verified_HIGH,True,0.8,1.37,BERT+GPT,verified_skills.csv,skill_d45b3bb7fb56,,,,,
in-3d6c0a0398154f2b,support architects and engineers,Soft,,0.837,High,Verified_HIGH,True,0.84,1.29,BERT+GPT,verified_skills.csv,skill_15e5099fc652,,,,,
in-c2fc45505eb58ca7,present ROI metrics,Hard,Understand,1.0,Very High,Verified_HIGH,True,0.79,1.33,BERT+GPT,verified_skills.csv,skill_db0c47bbd751,,,,,
in-6090d60a53d7788e,manage financial risks,Hard,Apply,0.819,High,Verified_HIGH,True,0.79,0.9,BERT+GPT,verified_skills.csv,skill_41b62c240571,,,,,
in-9efa3a5f2afb4b37,contribute to enterprise-level security initiatives,Hard,Apply,0.976,Very High,Verified_HIGH,True,0.86,1.25,BERT+GPT,verified_skills.csv,skill_56adc54023ac,,,,,
in-458de7a62bc25748,cover shifts,Soft,,0.866,High,Verified_HIGH,True,0.77,1.33,BERT+GPT,verified_skills.csv,skill_ecbacf3a16c2,,,,,
in-2606d45ae293d989,ensure data accuracy,Hard,Analyze,1.0,Very High,Verified_HIGH,True,0.78,1.28,BERT+GPT,verified_skills.csv,skill_197c1f770a8a,,,,,
in-b17fee900ed03db2,be curious,Soft,,0.542,Medium Low,Verified_MEDIUM,True,0.77,0.92,BERT+GPT,verified_skills.csv,skill_d4a23c6e9252,,,,,
in-9beef4ae6c211fe3,"support project sponsors, managers, and business owners",Soft,,0.627,Medium,Verified_MEDIUM,True,0.81,0.96,BERT+GPT,verified_skills.csv,skill_be60960ba2fc,,,,,
in-bcc55b6a4690245d,implement software applications,Hard,Apply,1.0,Very High,Verified_HIGH,True,0.9,1.25,BERT+GPT,verified_skills.csv,skill_a54d9f9961db,,,,,
in-7f500e4d09d2ef8a,provide recommendations,Soft,,0.897,High,Verified_HIGH,True,0.9,1.29,BERT+GPT,verified_skills.csv,skill_0475681f10c7,,,,,
in-f91c185c0aaf76d7,deliver innovative digital products,Hard,Apply,0.948,Very High,Verified_HIGH,True,0.85,1.22,BERT+GPT,verified_skills.csv,skill_1153b841bbc2,,,,,
in-05d2d50ca3554df3,develop safety programs,Hard,Create,1.0,Very High,Verified_HIGH,True,0.81,1.27,BERT+GPT,verified_skills.csv,skill_926181043ce2,,,,,
in-a0308f82cec42505,monitor Core Web Vitals,Hard,Analyze,1.0,Very High,Verified_HIGH,True,0.75,1.24,BERT+GPT,verified_skills.csv,skill_2022319ab290,,,,,
in-363fd9b39d0e5c0a,guide management decision-making,Soft,,1.0,Very High,Verified_HIGH,True,0.87,1.22,BERT+GPT,verified_skills.csv,skill_c26c76922317,,,,,
in-c00b4f4602618bfd,provide operational support,Soft,,0.891,High,Verified_HIGH,True,0.86,1.22,BERT+GPT,verified_skills.csv,skill_ecb14c8138da,,,,,
in-f5f5e2f13c5c7d0a,foster a positive and productive team culture,Soft,,0.921,Very High,Verified_HIGH,True,0.79,0.95,BERT+GPT,verified_skills.csv,skill_2542249a4296,,,,,
in-182f624b577447a1,collaborate with engineers and designers,Soft,,0.898,High,Verified_HIGH,True,0.83,1.33,BERT+GPT,verified_skills.csv,skill_f479193b2d71,,,,,
in-c1da1c0004d5610e,contribute to cutover preparation,Hard,Apply,1.0,Very High,Verified_HIGH,True,0.83,1.3,BERT+GPT,verified_skills.csv,skill_d3df666d5bf3,,,,,
in-1404448f42c8d1c5,lead the Power System Emergency Response Plan,Soft,,0.938,Very High,Verified_HIGH,True,0.77,1.39,BERT+GPT,verified_skills.csv,skill_38954138b9e5,,,,,
in-3586e1bc8f657d36,Research vendor information discrepancies.,Hard,Remember,0.692,Medium,Verified_MEDIUM,True,0.87,0.9,BERT+GPT,verified_skills.csv,skill_4d424b05dc14,,,,,
in-2a657a4ea0a95b75,utilize orchestration tools,Hard,Apply,1.0,Very High,Verified_HIGH,True,0.86,1.34,BERT+GPT,verified_skills.csv,skill_9a241b576ac2,,,,,
in-cf9199810f340a64,communicate effectively,Soft,,0.862,High,Verified_HIGH,True,0.9,0.9,BERT+GPT,verified_skills.csv,skill_8d23fd05d826,,,,,
in-c2fc45505eb58ca7,communicate technical concepts to non-technical stakeholders,Soft,,0.753,Medium High,Verified_HIGH,True,0.86,1.2,BERT+GPT,verified_skills.csv,skill_b4817fe9f56a,,,,,
in-d2cf6daab69cb6af,determine care labelling and testing requirements,Hard,Evaluate,0.739,Medium High,Verified_HIGH,True,0.83,0.92,BERT+GPT,verified_skills.csv,skill_366c9ba0a125,,,,,
in-479f3cdc8236616c,analyze data,Hard,Analyze,1.0,Very High,Verified_HIGH,True,0.77,1.3,BERT+GPT,verified_skills.csv,skill_96d6bff27508,,,,,
in-f6ade8d0aa30f037,provide input to new business opportunities,Soft,,0.77,Medium High,Verified_HIGH,True,0.79,1.21,BERT+GPT,verified_skills.csv,skill_1ff204e9b504,,,,,
in-1ecaf549816279a7,mitigate risks,Hard,Apply,1.0,Very High,Verified_HIGH,True,0.8,1.33,BERT+GPT,verified_skills.csv,skill_16ba5347cc99,,,,,
in-06937182df049c4f,ensure accomplishment of goals,Soft,,0.896,High,Verified_HIGH,True,0.81,1.25,BERT+GPT,verified_skills.csv,skill_d648bb42b341,,,,,
in-d82d5a852e5b71dd,provide project oversight,Soft,,0.837,High,Verified_HIGH,True,0.84,1.32,BERT+GPT,verified_skills.csv,skill_1dd2a67e3ad0,,,,,
in-c633a5488ad93a8f,drive the evolution of reusable design components,Hard,Create,1.0,Very High,Verified_HIGH,True,0.78,1.24,BERT+GPT,verified_skills.csv,skill_b54c81a0dc24,,,,,
in-0c00c0a507eb954f,collaborate with business stakeholders,Soft,,0.804,High,Verified_HIGH,True,0.87,1.26,BERT+GPT,verified_skills.csv,skill_f80853f5686b,,,,,
in-54634495fbc4828f,make sound decisions,Soft,,0.736,Medium High,Verified_MEDIUM,True,0.79,1.18,BERT+GPT,verified_skills.csv,skill_f0b2b18693c0,,,,,
in-94938199971eb133,explore and integrate cutting-edge tools and methodologies,Hard,Create,1.0,Very High,Verified_HIGH,True,0.77,1.22,BERT+GPT,verified_skills.csv,skill_5989efc4899c,,,,,
in-554303ee4d1e32f0,communicate verbally,Soft,,0.837,High,Verified_HIGH,True,0.89,0.95,BERT+GPT,verified_skills.csv,skill_86e9b55d51be,,,,,
in-e960cd3cadf2d47b,receive mentorship,Soft,,0.625,Medium,Verified_MEDIUM,True,0.88,1.19,BERT+GPT,verified_skills.csv,skill_2885eed7bb72,,,,,
in-20efb35956832603,justify resource allocations,Soft,,0.96,Very High,Verified_HIGH,True,0.86,1.42,BERT+GPT,verified_skills.csv,skill_88a6a7519513,,,,,
in-00123850de967f24,assess risks and controls,Hard,Evaluate,1.0,Very High,Verified_HIGH,True,0.78,1.24,BERT+GPT,verified_skills.csv,skill_5d9bbbed0a4c,,,,,
in-e9bff0a0203e68f0,harness the power of AI,Hard,Apply,1.0,Very High,Verified_HIGH,True,0.72,1.33,BERT+GPT,verified_skills.csv,skill_1ebe5befc242,,,,,
in-da5421b5ee17e35e,work in a fast-paced environment,Soft,,0.863,High,Verified_HIGH,True,0.71,0.97,BERT+GPT,verified_skills.csv,skill_f929acf69a87,,,,,
in-496a42d03ebcf1b3,manage services,Hard,Apply,1.0,Very High,Verified_HIGH,True,0.81,1.3,BERT+GPT,verified_skills.csv,skill_4b7ff914d0a8,,,,,
in-1b2443a9c09accf9,work across multiple projects,Soft,,0.798,Medium High,Verified_HIGH,True,0.8,1.21,BERT+GPT,verified_skills.csv,skill_29b9e55de4f4,,,,,
in-7a842a6d6ba4df7c,set standards for data engineering,Hard,Create,0.985,Very High,Verified_HIGH,True,0.78,1.2,BERT+GPT,verified_skills.csv,skill_18eea6d1e350,,,,,
in-83906964bf60261a,learn new technical skills,Soft,,0.775,Medium High,Verified_HIGH,True,0.77,1.26,BERT+GPT,verified_skills.csv,skill_722e205b4231,,,,,
in-4e8009a36e3d892d,design strategic solutions,Hard,Create,1.0,Very High,Verified_HIGH,True,0.84,1.43,BERT+GPT,verified_skills.csv,skill_d077f45e543d,,,,,
in-28ced1bb533061f8,demonstrate creative talent,Soft,,0.57,Medium Low,Verified_MEDIUM,True,0.83,0.94,BERT+GPT,verified_skills.csv,skill_1e96e73549f5,,,,,
in-972247ffc9ab8041,create efficient data pipelines,Hard,Create,1.0,Very High,Verified_HIGH,True,0.81,1.31,BERT+GPT,verified_skills.csv,skill_d7fd205f1ff3,,,,,
in-8f2f61a2eb60ad60,improve reliability,Hard,Create,0.822,High,Verified_HIGH,True,0.89,0.99,BERT+GPT,verified_skills.csv,skill_2b0dbb2f043e,,,,,
in-0be61cdf68cbf141,provide technical solutions,Hard,Apply,0.962,Very High,Verified_HIGH,True,0.85,1.22,BERT+GPT,verified_skills.csv,skill_b8ecb60c638a,,,,,
in-0dd9a86d29518092,resolve system problems,Hard,Apply,1.0,Very High,Verified_HIGH,True,0.81,1.24,BERT+GPT,verified_skills.csv,skill_68c05bf433a0,,,,,
in-ee9692fc99f84c9a,align strategies,Soft,,0.909,Very High,Verified_HIGH,True,0.83,1.34,BERT+GPT,verified_skills.csv,skill_d5462bec99d0,,,,,
in-dc59a1396064276d,continuously optimize Workspace ONE based on new features and best practices,Hard,Evaluate,1.0,Very High,Verified_HIGH,True,0.81,1.15,BERT+GPT,verified_skills.csv,skill_52540cf038e2,,,,,
in-e758bf85ade6587f,prioritize user stories,Hard,Evaluate,1.0,Very High,Verified_HIGH,True,0.8,1.21,BERT+GPT,verified_skills.csv,skill_a242b41029a3,,,,,
in-bccb175e51cd5bd0,analyze business processes,Hard,Analyze,1.0,Very High,Verified_HIGH,True,0.85,1.33,BERT+GPT,verified_skills.csv,skill_a94410fcdd94,,,,,
in-962a273395c038c5,build relationships,Soft,,0.865,High,Verified_HIGH,True,0.88,0.94,BERT+GPT,verified_skills.csv,skill_343f2d7d5b14,,,,,
in-9bfe344101050a7b,support Project Managers,Soft,,1.0,Very High,Verified_HIGH,True,0.82,1.25,BERT+GPT,verified_skills.csv,skill_6b2b5133f28a,,,,,
in-1bf59d4bbe893edc,develop advanced models,Hard,Create,1.0,Very High,Verified_HIGH,True,0.81,1.34,BERT+GPT,verified_skills.csv,skill_b16b6ed2263a,,,,,
in-b1d04f8439b6fd2c,find solutions,Soft,,0.899,High,Verified_HIGH,True,0.82,1.36,BERT+GPT,verified_skills.csv,skill_e669b4d92d63,,,,,
in-a5b46e85d9b5b28c,collaborate with the team,Soft,,0.769,Medium High,Verified_HIGH,True,0.83,1.18,BERT+GPT,verified_skills.csv,skill_068f0bab3422,,,,,
in-b331ad8de1b56926,design LLM-based agent systems,Hard,Create,1.0,Very High,Verified_HIGH,True,0.78,1.39,BERT+GPT,verified_skills.csv,skill_9ca5b78a1430,,,,,
in-20026aabb459f5ba,identify issues,Soft,,0.91,Very High,Verified_HIGH,True,0.83,1.35,BERT+GPT,verified_skills.csv,skill_4f544e5929f1,,,,,
in-96a6d6e6bf5fd5d5,communicate effectively,Soft,,0.842,High,Verified_HIGH,True,0.9,0.9,BERT+GPT,verified_skills.csv,skill_0105b499b89f,,,,,
in-4b1c2d1b293c4f74,solve problems,Soft,,0.754,Medium High,Verified_HIGH,True,0.8,1.2,BERT+GPT,verified_skills.csv,skill_8e657bcc2da7,,,,,
in-6ca50ab7066caefb,act with courage,Soft,,0.858,High,Verified_HIGH,True,0.74,1.34,BERT+GPT,verified_skills.csv,skill_d3e11a150552,,,,,
in-0a082c78b5707e5c,translate customer language into product requirements,Hard,Understand,1.0,Very High,Verified_HIGH,True,0.83,1.19,BERT+GPT,verified_skills.csv,skill_a16d2461ab02,,,,,
in-f6d3aeca315b92d6,build customer trust,Soft,,0.918,Very High,Verified_HIGH,True,0.78,1.3,BERT+GPT,verified_skills.csv,skill_c128843b406a,,,,,
in-514f101b80a11589,build robust solutions for continuous improvement,Hard,Create,1.0,Very High,Verified_HIGH,True,0.82,1.25,BERT+GPT,verified_skills.csv,skill_4958353b169b,,,,,
in-c03e220b41bb6b05,coordinate maintenance activities,Hard,Apply,0.981,Very High,Verified_HIGH,True,0.9,1.26,BERT+GPT,verified_skills.csv,skill_730516081ae3,,,,,
in-a5b46e85d9b5b28c,identify areas of improvements in the code base,Hard,Create,1.0,Very High,Verified_HIGH,True,0.75,1.3,BERT+GPT,verified_skills.csv,skill_905338b9caed,,,,,
in-ef9473fb3481b35b,track progress,Soft,,0.853,High,Verified_HIGH,True,0.83,1.31,BERT+GPT,verified_skills.csv,skill_62ca09bf7ad6,,,,,
in-3d8092d243488a67,conduct post-mortems,Hard,Apply,0.999,Very High,Verified_HIGH,True,0.84,1.28,BERT+GPT,verified_skills.csv,skill_204bcebf60d8,,,,,
in-6b2c391394234e58,ensure continuity of operations,Soft,,0.8,Medium High,Verified_HIGH,True,0.82,1.21,BERT+GPT,verified_skills.csv,skill_fa7bb8cb9c9e,,,,,
in-08fbaf97b994679e,lead end-to-end delivery of complex AI/ML engagements,Hard,Apply,0.969,Very High,Verified_HIGH,True,0.76,1.26,BERT+GPT,verified_skills.csv,skill_35b1ad2b7f80,,,,,
in-f52ef8baf5bde6fd,support training camps,Soft,,0.766,Medium High,Verified_HIGH,True,0.8,1.22,BERT+GPT,verified_skills.csv,skill_988189565c09,,,,,
in-e9bff0a0203e68f0,achieve customer leadership,Soft,,0.865,High,Verified_HIGH,True,0.85,1.33,BERT+GPT,verified_skills.csv,skill_c3f499347b8b,,,,,
in-eab9859c81d7fe81,build and deploy modern services and web applications,Hard,Create,0.947,Very High,Verified_HIGH,True,0.76,1.15,BERT+GPT,verified_skills.csv,skill_8ff28b789973,,,,,
in-6914932736a1e768,manage projects,Soft,,0.764,Medium High,Verified_HIGH,True,0.83,1.19,BERT+GPT,verified_skills.csv,skill_7a719f9d77b1,,,,,
in-4e4f96db32d7aea0,resolve escalated complex problems,Hard,Apply,1.0,Very High,Verified_HIGH,True,0.84,1.33,BERT+GPT,verified_skills.csv,skill_f384eb23ba15,,,,,
in-6ca50ab7066caefb,communicate with clarity and respect,Soft,,0.659,Medium,Verified_MEDIUM,True,0.81,1.03,BERT+GPT,verified_skills.csv,skill_fa4d92abcc9d,,,,,
in-191e622c24110eb0,analyze vulnerability data,Hard,Analyze,1.0,Very High,Verified_HIGH,True,0.84,1.3,BERT+GPT,verified_skills.csv,skill_004ce6677ff9,,,,,
in-6c14c3cc5e1e7e69,draft quotes,Hard,Create,1.0,Very High,Verified_HIGH,True,0.77,1.35,BERT+GPT,verified_skills.csv,skill_5345f0d98d03,,,,,
in-1c67ab9d6eec0eed,implement AI solutions,Hard,Apply,1.0,Very High,Verified_HIGH,True,0.82,1.24,BERT+GPT,verified_skills.csv,skill_98b62bcd7992,,,,,
in-e7dfe07ecf67a56b,implement AI solutions,Hard,Apply,1.0,Very High,Verified_HIGH,True,0.78,1.23,BERT+GPT,verified_skills.csv,skill_171b6201aa87,,,,,
