review_id,reviewer_id,human_valid,human_type,human_bloom,human_notes
skill_90a2990c71fb,alice,valid,,,
skill_c918dfd780bb,dewi,valid,,,
skill_c918dfd780bb,alice,valid,,,
skill_81eacd8bceba,alice,valid,,,
skill_791ff5ea24cd,alice,valid,Both,Apply,
skill_711dc66a6226,alice,valid,,,
skill_93065e4f8560,alice,invalid,,,
skill_727a50929c78,alice,valid,,,
skill_a9ee50b98252,alice,valid,,,
skill_3a512106e7e5,alice,valid,,,
skill_a75850088670,alice,valid,,,
skill_bec56b95ed45,alice,valid,,,
skill_92f307594ae8,alice,valid,,,
skill_c4896af99fef,alice,valid,,,
skill_09341884ece0,alice,valid,Hard,Evaluate,
skill_e86e3a37a451,alice,invalid,,,
skill_ebc9e1ff801a,alice,invalid,,,
skill_aaa240fc12db,alice,valid,,,
skill_49bcb6d36eb5,alice,valid,,,
skill_152efc16c946,alice,valid,,,
skill_7175d070a0b4,alice,valid,,,
skill_35e376cb7687,alice,valid,,,
skill_674a6ecb3bbb,alice,valid,Hard,Understand,
skill_16a6d4cb35a0,alice,valid,,,
skill_19cf2344c97d,alice,valid,,,
skill_1ce3131d77b4,alice,valid,,,
skill_c8b1a99ebd9d,alice,valid,,,
skill_297118e0b9e3,alice,valid,,,
skill_555ac1ecb463,alice,valid,,,
skill_74b4f20a491b,alice,valid,,,
skill_39e3a95c83d7,alice,valid,,,
skill_e4bbbb748f5b,alice,valid,,,
skill_413e6795787c,alice,valid,,,
skill_cbff69f03116,alice,valid,,,
skill_e78a50920edb,alice,valid,,,
skill_0ce642cd7f32,alice,valid,,,
skill_a0574692c281,alice,valid,,,
skill_f43263aa90a7,alice,valid,,,
skill_e84d05175cdb,alice,valid,,,
skill_5b88e5ec1b46,alice,valid,,,
skill_c698eb16afda,alice,valid,,,
skill_1d1fbdf4bc3c,alice,valid,,Create,
skill_0eef20f6b72c,alice,valid,,,
skill_4e8526951cdb,alice,valid,,,
skill_5c9c17b4cfbc,alice,valid,,,
skill_d8cc49a879ac,alice,valid,,Apply,
skill_c2e6ccc3885e,alice,valid,,,
skill_be463d3691e4,alice,valid,,,
skill_e7ddc4b77855,alice,valid,,,
skill_d1934f718d62,alice,valid,,,
skill_0e65efc51581,alice,valid,,,
skill_219545b56853,alice,valid,,,
skill_8d39de0d3ed0,alice,valid,,,
skill_129bf799557a,alice,valid,,,
skill_c21587400e22,alice,valid,,Apply,
skill_1f9fb30b5cf4,alice,valid,,,
skill_e9a36bcb3cbb,alice,valid,,,
skill_58f4f56dd46f,alice,valid,Soft,,
skill_07d7a8389a82,alice,valid,,,
skill_da1d0acd1de1,alice,valid,,,
skill_06d548b66076,alice,valid,,,
skill_cd0001e8a7b9,alice,valid,,,
skill_f661b599f642,alice,valid,,,
skill_99e5749036ee,alice,valid,,,
skill_5f1ac5360b9b,alice,valid,,,
skill_2882cd42c4d8,alice,valid,,,
skill_5410bb766611,alice,valid,,,
skill_86cc04756fbb,alice,valid,,,
skill_29e382cb3cb8,alice,valid,,Evaluate,
skill_10edef60904b,alice,valid,,,
skill_dee9ff0a5c01,alice,valid,,Analyze,
skill_689307fcc189,alice,valid,,Analyze,
skill_446a242b1c32,alice,valid,,,
skill_f23526ca4f81,alice,valid,,Analyze,
skill_18b5253d15e2,alice,valid,,,
skill_dd6b058dd124,alice,valid,,,
skill_e815e2f81d19,alice,valid,,Evaluate,
skill_d1d041935e57,alice,valid,,,
skill_a5314babf337,alice,valid,,,
skill_cfe840127a4e,alice,valid,,,
skill_8feee84a9f06,alice,valid,Soft,,
skill_2eb75efb135d,alice,valid,,,
skill_b7149c3ee3ca,alice,valid,,,
skill_024d392d3d8e,alice,valid,,,
skill_e5833458b9aa,alice,valid,,,
skill_55060ff17086,alice,valid,,,
skill_7705e25aaab7,alice,valid,,,
skill_dce973f16b35,alice,valid,,,
skill_c53359962345,alice,valid,,,
skill_6157e6ba7d8c,alice,valid,,,
skill_0e9460c5aebf,alice,valid,,,
skill_1799198cc08c,alice,valid,,,
skill_7339eaeb2575,alice,valid,,,
skill_4c4e25da78d7,alice,valid,,,
skill_54268b6bd0c8,alice,valid,,,
skill_152175a9bdc1,alice,valid,,,
skill_15c1290b096c,alice,valid,,Analyze,
skill_eb430ba8da4d,alice,valid,Hard,Evaluate,
skill_d7dc4d6fdacc,alice,valid,,,
skill_710fd4c18c7a,alice,valid,,,
skill_8dfe796eaf73,alice,valid,Both,,
skill_67ef7816dee0,alice,valid,,,
skill_e01d40814002,alice,valid,,,
skill_6baa515e6a7a,alice,valid,,,
skill_c601b10178b1,alice,valid,,,
skill_442e03b4cdc7,alice,valid,,,
skill_bf5323ffdece,alice,valid,,,
skill_22fbd26de80b,alice,valid,,,
skill_25bf30de616d,alice,valid,,,
skill_828c841ba1ee,alice,valid,,,
skill_29bdfefa5200,alice,valid,Hard,Create,
skill_3db0fb45cec1,alice,valid,,,
skill_81ad3f5528b6,alice,valid,,,
skill_e2a86bcaa6b3,alice,valid,,,
skill_0da26b950049,alice,valid,Both,Evaluate,
skill_424012dbd0ae,alice,valid,,,
skill_fcbc78f1e412,alice,valid,,,
skill_dbbbdf004c4f,alice,valid,,,
skill_567a69413ab3,alice,valid,,,
skill_41dd556ec255,alice,valid,,,
skill_2bff9dd7ac65,alice,valid,,,
skill_f4bb6141a164,alice,valid,,,
skill_745b43c16f88,alice,valid,,,
skill_69c33254d140,alice,valid,,,
skill_fb41b0b4d39a,alice,valid,,,
skill_d3bb467d1bc2,alice,valid,,,
skill_329f7e7a3bd3,alice,valid,,,
skill_8eca1f5af636,alice,valid,,,
skill_80dc4f6dc109,alice,valid,,,
skill_462c0739c3be,alice,valid,,,
skill_6b8fdf31926b,alice,valid,,,
skill_6e364e1f5aed,alice,valid,,,
skill_e1fe22745408,alice,valid,,,
skill_91dd3cc5e7c4,alice,valid,,,
skill_7df74f8f5673,alice,valid,,,
skill_81eacd8bceba,school2@domain.com,valid,Hard,,
skill_791ff5ea24cd,school2@domain.com,valid,,,
skill_93065e4f8560,school2@domain.com,valid,Hard,Apply,
skill_727a50929c78,school2@domain.com,valid,,,
skill_a9ee50b98252,school2@domain.com,valid,,,
skill_3a512106e7e5,school2@domain.com,valid,,,
skill_a75850088670,school2@domain.com,valid,,,
skill_2895d03e02a0,dewi,valid,Hard,Create,
skill_a24b4e5e6151,dewi,valid,Soft,,
skill_81c99729cd61,dewi,valid,Soft,,
skill_e94ba2d2520c,dewi,valid,Hard,Apply,
skill_4a8cb29e2d19,dewi,valid,Soft,,
skill_5962e169094f,dewi,valid,Hard,Apply,
skill_e5050c12ea3e,dewi,valid,Hard,Create,
skill_d73c23aa9857,dewi,valid,Hard,Create,
skill_87c58ab105b4,dewi,valid,Hard,Analyze,
skill_817fb3bcf521,dewi,valid,Soft,,
skill_7b0700327fe7,dewi,valid,Hard,Create,
skill_dd9994dfa6c0,dewi,valid,Hard,Apply,
skill_2cfc25532c39,dewi,valid,Soft,,
skill_e05333c7b4c7,dewi,valid,Hard,Analyze,
skill_77178539c09b,dewi,valid,Soft,,
skill_2559404632a6,dewi,valid,Hard,Apply,
skill_6193cf5073ae,dewi,valid,Hard,Apply,
skill_f6e34b325c84,dewi,valid,Soft,,
skill_2895d03e02a0,default,valid,,,
skill_a24b4e5e6151,default,valid,,,
skill_81c99729cd61,default,valid,,,
skill_e94ba2d2520c,default,valid,,,
skill_4a8cb29e2d19,default,valid,,,
skill_5962e169094f,default,valid,,,
skill_e5050c12ea3e,default,valid,,,
skill_d73c23aa9857,default,valid,,,
skill_87c58ab105b4,default,valid,,,
skill_817fb3bcf521,default,valid,,,
skill_7b0700327fe7,default,valid,,,
skill_dd9994dfa6c0,default,valid,,,
skill_2cfc25532c39,default,valid,,,
skill_e05333c7b4c7,default,valid,,Analyze,
skill_77178539c09b,default,valid,,,
skill_2559404632a6,default,valid,Hard,Apply,
skill_6193cf5073ae,default,valid,,,
skill_f6e34b325c84,default,valid,,,
skill_9419bf21f61b,default,valid,,,
skill_c12daca4397d,default,valid,,,
skill_2afb67b647bc,default,valid,,,
skill_d6f6e7f59ac4,default,valid,,,
skill_9fb45b683663,default,valid,,Apply,
skill_ccfca4884705,default,valid,,,
skill_217b614fafa1,default,valid,,,
skill_243c0295be60,default,valid,,Create,
skill_dbc568723b99,default,valid,,,
skill_d8524c6aca0a,default,valid,,,
skill_c22e8bf55a3f,default,valid,,Evaluate,
skill_a93d901e0e5c,default,valid,,,
skill_9859f97ee8a0,default,valid,,,
skill_6284ed6618b8,default,valid,,,
skill_f57c064caccc,default,valid,,,
skill_aaa507e81881,default,valid,,,
skill_bdcd29b0ea13,default,valid,Hard,Create,
skill_16d73f82391e,default,valid,,,
skill_ad5d5f729872,default,valid,,,
skill_d08846541986,default,valid,,,
skill_994c7ecff7b3,default,valid,,,
skill_73e431b1fd7a,default,valid,,,
skill_6b893fb60e96,default,valid,,,
skill_bc6e897589a7,default,valid,,,
skill_e91f69b80bed,default,valid,,,
skill_03b2b2bf8e0b,default,valid,,,
skill_7094dfc68a5c,default,valid,,,
skill_a9e869b1ce94,default,valid,,,
skill_ee5762c92a6b,default,valid,,,
skill_3df917363c83,default,valid,,,
skill_5aeddcef5622,default,valid,Hard,Apply,
skill_d6c58df3010f,default,valid,,,
skill_f7bab85f5bab,default,valid,,,
skill_f655b811f522,default,valid,Hard,Evaluate,
skill_718b81b7a39e,default,valid,,,
skill_00fbd149506e,default,valid,,,
skill_0d7336a66e83,default,valid,Hard,Apply,
skill_44c53bdee4a0,default,valid,,,
skill_05967b7cc0ff,default,valid,,,
skill_3d952e339af5,default,valid,,,
skill_7a0947f75bb0,default,valid,,,
skill_3cb1f095fd56,default,valid,,,
skill_ab5796a0ab68,default,valid,,,
skill_caa3d1c0be66,default,valid,,,
skill_e4300abe7efb,default,valid,Hard,Apply,
skill_219545b56853,default,valid,,,
skill_a3d8825dc386,default,valid,,,
skill_339ea81d1031,default,valid,,,
skill_123c6af607c3,default,valid,,,
skill_8e8217e6664d,default,valid,,,
skill_030ef83f8ffd,default,valid,,,
skill_d3ddd004bfe1,default,valid,Hard,Create,
skill_46c153976336,default,valid,Soft,,
skill_aa67df88cacb,default,valid,,,
skill_dec9356794fd,default,valid,,,
skill_c0e0b9393ca3,default,valid,,,
skill_b7808a34d41c,default,valid,Hard,Analyze,
skill_3c1e363540fe,default,valid,,,
skill_116b7ec8710d,default,valid,,,
skill_c3834a6a1e0d,default,valid,,,
skill_b1f79e8c07b3,default,valid,,,
skill_d6125952e2f7,default,valid,,,
skill_da742dfc4202,default,valid,,,
skill_d27ccb8ecfe1,default,valid,,,
skill_7777a0fd8277,default,valid,,Understand,
skill_11ed84725704,default,valid,,,
skill_4e52ef2f265e,default,valid,,,
skill_88c00594ce00,default,valid,,Apply,
skill_319f87277980,default,valid,,,
skill_1e7f1df34903,default,valid,,,
skill_e9029dc71d6c,default,valid,,,
skill_f822291c1136,default,valid,,,
skill_af530ab12def,default,valid,,,
skill_f4f13b7facc4,default,valid,,,
skill_247102ea7d49,default,valid,,,
skill_c83f4cba6d58,default,valid,,,
skill_6c407b9af301,default,valid,,,
skill_77f12ea56483,default,valid,,,
skill_6887d266dbf5,default,valid,,,
skill_2cbceda273ae,default,valid,,,
skill_0ee9e7f4c211,default,valid,,,
skill_d0e4c705bcbe,default,valid,,,
skill_474045e27f8c,default,valid,,,
skill_2762495b3b0c,default,valid,,,
skill_33a41e839982,default,valid,,,
skill_b5c5979ea8d7,default,valid,,,
skill_a44e719fe296,default,valid,,,
skill_042963ae9ba4,default,valid,,,
skill_d97d2819802f,default,valid,,,
skill_5eec84fa897d,default,valid,Hard,Create,
,,,,,
skill_305267d8104c,default,valid,,,
skill_2b57f558c238,default,valid,Hard,Evaluate,
skill_3aad830b050c,default,valid,,,
skill_4cc2e3e68630,default,valid,,,
skill_55582318fb33,default,valid,Hard,Create,
skill_1df489bbeee3,default,valid,,,
skill_5cbf59d8a4e6,default,valid,,Analyze,
skill_45c62675c114,default,valid,Hard,Analyze,
skill_fdb29943e18f,default,valid,,,
skill_308ab8b3aea4,default,valid,,,
skill_148f71a8afad,default,valid,,,
skill_01aae7222f55,default,valid,,,
skill_4aeb830d40fe,default,valid,Soft,,
skill_a29e7ae135f4,default,valid,Hard,Create,
skill_8874642b77df,default,valid,,,
skill_152fc7ac5fe4,default,valid,Hard,Apply,
skill_6092e1f3ac2f,default,valid,Hard,Create,
skill_a01cd56e57a1,default,valid,,,
skill_9c29c268ada4,default,valid,Hard,Analyze,
skill_fba170454ec7,default,valid,,,
skill_60a8f716b0b1,default,valid,,,
skill_a683ef1f027e,default,valid,Hard,Evaluate,
skill_9f40963ac4e1,default,valid,,,
skill_5644ca2b856f,default,valid,,,
skill_382e3ba89478,default,valid,,,
skill_ac5dd3e9b128,default,valid,,,
skill_82c828bdf9b3,default,valid,,,
skill_cfec1206cd44,default,valid,Soft,,
skill_c877d640ba50,default,valid,Soft,,
skill_13ef3f953a57,default,valid,,,
skill_e51ae77f6cf2,default,valid,Hard,Evaluate,
skill_c33fc9f58be0,default,valid,,,
skill_cdf7966f11b7,default,valid,,,
skill_1ac653a816ab,default,valid,,,
skill_e15cfaf85776,default,valid,,,
skill_670b69153693,default,valid,,,
skill_b113929990fe,default,valid,,,
skill_8f9932172f57,default,valid,,Evaluate,
skill_7436faae235d,default,valid,,Evaluate,
skill_3f40d74d7220,default,valid,,,
skill_a4e0218e2809,default,valid,,,
skill_ed29961e6dba,default,valid,,,
skill_eea549fa5b7f,default,valid,,,
skill_a08845c01d28,default,valid,,,
skill_87b754e83ddf,default,valid,,,
skill_bd55baed75ec,default,valid,,,
skill_f5076aabf01b,default,valid,,,
skill_fde4daa45e09,default,valid,,,
skill_b940480aa49d,default,valid,,,
skill_7d27d10a9648,default,valid,,,
skill_7004796743c0,default,valid,,,
skill_55a1b1a877a4,default,invalid,,,
skill_51471cc7d9b4,default,valid,,,
skill_2837868ef4e0,default,valid,,Analyze,
skill_20a19bb5bd98,default,valid,,,
skill_d681092b5daa,default,valid,,,
skill_89f70a65653f,default,valid,Hard,Analyze,
skill_add5adc75f76,default,valid,,Analyze,
skill_968b4ecc624d,default,valid,,,
skill_c24271cd9248,default,valid,Hard,Apply,
skill_219d5f652c08,default,valid,,,
skill_87ffff118faf,default,valid,,,
skill_570739e891f8,default,valid,,,
skill_8c61ac47631a,default,invalid,,,
skill_b285e370e959,default,valid,,Apply,
skill_21135f28a882,default,valid,,Analyze,
skill_525ce9bf9873,default,invalid,,,
skill_4b1efbc4dded,default,valid,Hard,Analyze,
skill_0b896c0f372a,default,valid,,,
skill_0ceed34da26b,default,valid,,,
skill_c72d9fce5e5b,default,valid,,,
skill_58f1ac70e7bb,default,valid,,,
skill_b1ce5a81248b,default,valid,Soft,,
skill_7aae96736c12,default,valid,,,
skill_235219262295,default,valid,Hard,Apply,
skill_0351fd73e2c2,default,valid,,,
skill_03cc07fb93f9,default,valid,,,
skill_4491150ff8d6,default,invalid,,,Is not related to the job posting at all
skill_a7a91fefd8d2,default,valid,,,
skill_806a49d388d7,default,valid,Hard,Evaluate,
skill_1680e995bc79,default,valid,,,
skill_25abc2965f66,default,valid,,,
skill_f79889a7e3be,default,valid,,,
skill_2ac45c0141f7,default,valid,,,
skill_650b854e1ee8,default,valid,,,
skill_f7f281349eb7,default,valid,,,
skill_c3802a08289e,default,valid,,,
skill_18a1a0f8c422,default,valid,,,
skill_3ac2f2b40e2c,default,valid,,Apply,
skill_052ac9c8f8b9,default,valid,,Analyze,
skill_d4bb96497a44,default,valid,,,
skill_0b3bc1f8c66f,default,valid,,,
skill_5ddfe29c6b8a,default,valid,,Analyze,
skill_c442efa32a37,default,valid,,,
skill_933903818a29,default,invalid,,,
skill_e5961119d6e7,default,valid,,,
skill_663700fd0355,default,valid,,,
skill_b2673cd4cbcf,default,valid,,,
skill_cdf4a622b4f6,default,valid,,,
skill_2d30609844b0,default,valid,,,
skill_25bda619e912,default,valid,,,
skill_c4832c059634,default,valid,,,
skill_3f0f5761d39e,default,valid,,,
skill_52e0050a58ba,default,valid,,,
skill_a4af774a2407,default,valid,,,
skill_4a22082a844d,default,valid,,,
skill_2481af7cfdf2,default,valid,,,
skill_1becafbb050a,default,valid,,,
skill_a0dfb6ed1c0f,default,valid,,,
skill_c807a9b0dce2,default,valid,,,
skill_cf87c71c0885,default,valid,,,
skill_f952d833f3fa,default,valid,,,
skill_d07f153490c0,default,valid,,,
skill_df99d94a5972,default,valid,,Analyze,
skill_ae350c346f35,default,valid,,,
skill_85d0290e123f,default,valid,,,
skill_bd6dfec409a0,default,valid,,,
skill_91743cf311be,default,valid,,,
skill_530ff0b46b58,default,valid,,Evaluate,
skill_c2832a648af0,default,valid,,,
skill_80af454796c3,default,valid,Hard,Create,
skill_9af5638e1b5f,default,valid,,,
skill_2ecc0f8c1441,default,valid,,,
skill_1c3fab7db08c,school2@domain.com,valid,Hard,Apply,
skill_68f273817841,school2@domain.com,valid,,,
skill_79f60cef27d4,school2@domain.com,valid,,,
skill_7d1a79bade2f,school2@domain.com,valid,,,
skill_d8933ffa345e,school2@domain.com,valid,,,
skill_31a5dbf9bc79,school2@domain.com,valid,Hard,Apply,
skill_5ba865ff2fae,school2@domain.com,valid,Hard,Apply,
skill_e8bc946bc412,school2@domain.com,valid,Hard,Apply,
skill_decf50f1a872,school2@domain.com,valid,,,
skill_cc919f29541e,school2@domain.com,valid,,,
skill_a91978b432cd,school2@domain.com,valid,,,
skill_71031c909660,school2@domain.com,valid,,,
skill_20cdf93e4251,school2@domain.com,valid,,,
skill_575dc5dcbe44,school2@domain.com,valid,Hard,Create,
skill_5453ec2d6095,school2@domain.com,valid,,,
skill_02349e758465,school2@domain.com,valid,,,
skill_8a63f7c16361,school2@domain.com,valid,,,
skill_d9687cb50334,school2@domain.com,valid,,,
skill_f7737b579da0,school2@domain.com,valid,,,
skill_8875189192cf,school2@domain.com,valid,,,
skill_3d2303fbf69d,school2@domain.com,valid,,,
skill_dd63da5fbadf,school2@domain.com,valid,,,
skill_8b01e24c58ed,school2@domain.com,valid,,,
skill_4c5d09cd40f2,school2@domain.com,valid,,,
skill_f92cb4bbbb8c,school2@domain.com,valid,Hard,Apply,
skill_524f494451d6,school2@domain.com,invalid,,,
skill_ee94d0d88e38,school2@domain.com,valid,,,
skill_7210c6f7bf58,school2@domain.com,valid,,,
skill_ed1d37234f52,school2@domain.com,valid,Hard,Apply,
skill_a1fc5f493602,school2@domain.com,valid,Hard,Apply,
skill_a484ab7e414e,school2@domain.com,valid,,,
skill_79c8896cf2c4,school2@domain.com,valid,,,
skill_bcb888e7ba6a,school2@domain.com,valid,,,
skill_b2ceb79cca12,school2@domain.com,valid,,,
skill_93d1239b4fa5,school2@domain.com,valid,Hard,Analyze,
skill_4018e1f3858a,school2@domain.com,valid,,,
skill_b35cddae73b0,school2@domain.com,valid,,,
skill_ba959de756f0,school2@domain.com,valid,Hard,Apply,
